Especie;Year;Month;Flag;Lat;Lon;Valor
SPZn;1993;7;MEX;24.5;-112.5;2
SPZn;1993;12;VEN;-5.5;-83.5;1
SPZn;1994;3;MEX;25.5;-109.5;1
SPZn;1994;4;MEX;24.5;-109.5;1
SPZn;1994;4;MEX;25.5;-109.5;2
SPZn;1994;4;VEN;-8.5;-83.5;4
SPZn;1994;5;MEX;24.5;-108.5;1
SPZn;1994;5;MEX;25.5;-109.5;5
SPZn;1994;8;MEX;28.5;-115.5;1
SPZn;1994;9;VEN;9.5;-106.5;1
SPZn;1994;9;VUT;10.5;-109.5;1
SPZn;1994;11;MEX;0.5;-96.5;3
SPZn;1995;1;Other;1.5;-111.5;1
SPZn;1995;3;MEX;23.5;-107.5;1
SPZn;1995;3;Other;-14.5;-83.5;2
SPZn;1995;3;Other;-12.5;-83.5;4
SPZn;1995;3;Other;-11.5;-83.5;1
SPZn;1995;3;Other;-7.5;-85.5;1
SPZn;1995;4;ECU;-9.5;-87.5;1
SPZn;1995;4;MEX;24.5;-109.5;1
SPZn;1995;5;MEX;25.5;-109.5;4
SPZn;1995;6;ECU;3.5;-81.5;2
SPZn;1995;6;VUT;7.5;-82.5;12
SPZn;1995;6;VUT;7.5;-81.5;1
SPZn;1995;6;VUT;7.5;-78.5;1
SPZn;1995;7;ECU;-0.5;-86.5;4
SPZn;1995;7;ECU;-0.5;-85.5;6
SPZn;1995;7;MEX;24.5;-112.5;3
SPZn;1995;8;MEX;24.5;-113.5;3
SPZn;1995;10;MEX;27.5;-111.5;1
SPZn;1995;12;ECU;3.5;-108.5;1
SPZn;1996;4;ECU;-8.5;-103.5;1
SPZn;1996;5;ECU;-9.5;-104.5;1
SPZn;1996;5;Other;7.5;-79.5;1
SPZn;1996;5;Other;7.5;-78.5;3
SPZn;1996;6;Other;3.5;-83.5;1
SPZn;1996;6;Other;3.5;-82.5;1
SPZn;1996;7;USA;3.5;-127.5;1
SPZn;1996;8;MEX;24.5;-112.5;7
SPZn;1996;9;ECU;2.5;-82.5;4
SPZn;1996;9;MEX;24.5;-112.5;1
SPZn;1996;9;MEX;25.5;-112.5;2
SPZn;1996;9;Other;3.5;-111.5;8
SPZn;1996;9;Other;4.5;-110.5;14
SPZn;1996;9;Other;4.5;-107.5;6
SPZn;1996;10;COL;-1.5;-86.5;1
SPZn;1996;10;Other;4.5;-118.5;2
SPZn;1996;11;ECU;2.5;-102.5;1
SPZn;1996;11;ECU;5.5;-106.5;2
SPZn;1996;11;VUT;0.5;-86.5;2
SPZn;1996;11;VUT;1.5;-87.5;2
SPZn;1996;12;ECU;-3.5;-116.5;1
SPZn;1996;12;Other;1.5;-94.5;5
SPZn;1996;12;VUT;4.5;-115.5;9
SPZn;1997;2;ECU;-7.5;-87.5;1
SPZn;1997;2;MEX;15.5;-95.5;2
SPZn;1997;3;COL;-8.5;-88.5;1
SPZn;1997;3;COL;-7.5;-89.5;1
SPZn;1997;3;ECU;-15.5;-83.5;7
SPZn;1997;3;ECU;-15.5;-82.5;1
SPZn;1997;3;ECU;-14.5;-83.5;1
SPZn;1997;3;MEX;15.5;-95.5;1
SPZn;1997;3;Other;-16.5;-82.5;11
SPZn;1997;3;Other;-15.5;-82.5;8
SPZn;1997;3;PAN;-3.5;-96.5;2
SPZn;1997;3;PAN;-3.5;-95.5;10
SPZn;1997;3;PAN;-2.5;-95.5;1
SPZn;1997;4;COL;-5.5;-90.5;4
SPZn;1997;4;Other;-9.5;-97.5;1
SPZn;1997;4;Other;-6.5;-84.5;1
SPZn;1997;5;Other;-10.5;-101.5;2
SPZn;1997;6;COL;1.5;-81.5;3
SPZn;1997;7;MEX;25.5;-113.5;5
SPZn;1997;7;Other;-6.5;-90.5;1
SPZn;1997;9;COL;10.5;-122.5;3
SPZn;1997;9;ECU;-0.5;-100.5;1
SPZn;1997;9;Other;-3.5;-108.5;1
SPZn;1997;9;Other;-1.5;-115.5;1
SPZn;1997;9;Other;0.5;-117.5;1
SPZn;1997;9;Other;4.5;-96.5;1
SPZn;1997;10;COL;-3.5;-92.5;9
SPZn;1997;10;COL;-3.5;-91.5;7
SPZn;1997;10;COL;-2.5;-92.5;6
SPZn;1997;10;ECU;-2.5;-109.5;1
SPZn;1997;10;ECU;-2.5;-94.5;4
SPZn;1997;10;ECU;-2.5;-92.5;2
SPZn;1997;10;ECU;-1.5;-93.5;6
SPZn;1997;10;ECU;-1.5;-91.5;1
SPZn;1997;10;ECU;-0.5;-111.5;1
SPZn;1997;10;ECU;-0.5;-92.5;1
SPZn;1997;10;MEX;10.5;-111.5;2
SPZn;1997;10;Other;-4.5;-92.5;1
SPZn;1997;10;Other;-3.5;-92.5;1
SPZn;1997;10;Other;-3.5;-88.5;1
SPZn;1997;10;Other;-2.5;-93.5;90
SPZn;1997;10;Other;-2.5;-91.5;11
SPZn;1997;10;Other;-1.5;-93.5;3
SPZn;1997;10;Other;-0.5;-119.5;1
SPZn;1997;10;Other;3.5;-82.5;4
SPZn;1997;10;VUT;-1.5;-92.5;2
SPZn;1997;10;VUT;10.5;-112.5;3
SPZn;1997;11;COL;-2.5;-90.5;5
SPZn;1997;11;COL;-2.5;-89.5;15
SPZn;1997;11;COL;-0.5;-85.5;1
SPZn;1997;11;COL;1.5;-80.5;7
SPZn;1997;11;ECU;-3.5;-99.5;2
SPZn;1997;11;ECU;-2.5;-89.5;5
SPZn;1997;11;ECU;-1.5;-95.5;2
SPZn;1997;11;ECU;-1.5;-91.5;1
SPZn;1997;11;ECU;-1.5;-89.5;3
SPZn;1997;11;ECU;-0.5;-95.5;1
SPZn;1997;11;ECU;-0.5;-86.5;5
SPZn;1997;11;ECU;0.5;-92.5;1
SPZn;1997;11;ECU;1.5;-95.5;1
SPZn;1997;11;ECU;1.5;-93.5;3
SPZn;1997;11;ECU;1.5;-82.5;3
SPZn;1997;11;ECU;2.5;-94.5;5
SPZn;1997;11;ECU;2.5;-88.5;1
SPZn;1997;11;MEX;28.5;-112.5;3
SPZn;1997;11;Other;-4.5;-95.5;1
SPZn;1997;11;USA;-1.5;-95.5;1
SPZn;1997;11;VUT;-1.5;-96.5;6
SPZn;1997;11;VUT;1.5;-81.5;1
SPZn;1997;11;VUT;7.5;-88.5;1
SPZn;1997;12;ECU;-4.5;-100.5;1
SPZn;1997;12;ECU;-4.5;-94.5;2
SPZn;1997;12;ECU;-0.5;-98.5;2
SPZn;1997;12;ECU;3.5;-95.5;3
SPZn;1997;12;Other;-4.5;-97.5;1
SPZn;1997;12;Other;-2.5;-86.5;3
SPZn;1997;12;USA;-2.5;-94.5;1
SPZn;1998;1;ECU;-4.5;-103.5;2
SPZn;1998;1;ECU;-3.5;-104.5;3
SPZn;1998;1;ECU;-2.5;-97.5;2
SPZn;1998;1;VUT;8.5;-90.5;1
SPZn;1998;2;ECU;-18.5;-79.5;1
SPZn;1998;2;ECU;-17.5;-80.5;2
SPZn;1998;2;ECU;-17.5;-78.5;2
SPZn;1998;2;ECU;-17.5;-76.5;1
SPZn;1998;2;ECU;-16.5;-78.5;1
SPZn;1998;2;ECU;-15.5;-80.5;1
SPZn;1998;2;ECU;-15.5;-79.5;4
SPZn;1998;2;ECU;-13.5;-85.5;1
SPZn;1998;2;ECU;-10.5;-82.5;2
SPZn;1998;2;MEX;11.5;-118.5;2
SPZn;1998;2;Other;-17.5;-78.5;2
SPZn;1998;2;Other;-12.5;-84.5;1
SPZn;1998;3;COL;7.5;-90.5;1
SPZn;1998;3;ECU;-12.5;-80.5;1
SPZn;1998;3;ECU;-10.5;-84.5;1
SPZn;1998;3;ECU;-10.5;-83.5;1
SPZn;1998;3;ECU;-9.5;-84.5;1
SPZn;1998;3;Other;-10.5;-84.5;1
SPZn;1998;3;Other;-9.5;-82.5;3
SPZn;1998;3;VEN;4.5;-84.5;1
SPZn;1998;4;ECU;-13.5;-83.5;1
SPZn;1998;4;ECU;-12.5;-82.5;4
SPZn;1998;4;ECU;-11.5;-80.5;2
SPZn;1998;4;ECU;-9.5;-83.5;2
SPZn;1998;4;MEX;18.5;-114.5;1
SPZn;1998;4;MEX;23.5;-107.5;1
SPZn;1998;4;Other;-3.5;-81.5;2
SPZn;1998;4;USA;-11.5;-107.5;1
SPZn;1998;4;VEN;6.5;-90.5;1
SPZn;1998;5;ECU;-12.5;-79.5;1
SPZn;1998;5;ECU;-11.5;-81.5;1
SPZn;1998;5;ECU;-10.5;-83.5;2
SPZn;1998;5;MEX;18.5;-114.5;1
SPZn;1998;5;Other;-3.5;-95.5;1
SPZn;1998;5;Other;-3.5;-86.5;15
SPZn;1998;5;VUT;-13.5;-94.5;1
SPZn;1998;5;VUT;-6.5;-86.5;2
SPZn;1998;5;VUT;-6.5;-85.5;1
SPZn;1998;6;COL;11.5;-123.5;1
SPZn;1998;6;COL;17.5;-124.5;1
SPZn;1998;6;ECU;-11.5;-113.5;1
SPZn;1998;6;ECU;-8.5;-82.5;30
SPZn;1998;6;VEN;3.5;-81.5;17
SPZn;1998;6;VEN;11.5;-87.5;3
SPZn;1998;6;VEN;12.5;-88.5;2
SPZn;1998;6;VUT;-6.5;-85.5;2
SPZn;1998;7;ECU;-3.5;-84.5;2
SPZn;1998;7;ECU;-3.5;-83.5;1
SPZn;1998;7;ECU;1.5;-86.5;1
SPZn;1998;7;MEX;25.5;-109.5;1
SPZn;1998;7;VEN;0.5;-83.5;1
SPZn;1998;7;VEN;7.5;-78.5;10
SPZn;1998;8;COL;0.5;-83.5;1
SPZn;1998;8;ECU;-4.5;-85.5;1
SPZn;1998;8;ECU;-3.5;-81.5;1
SPZn;1998;8;ECU;10.5;-109.5;5
SPZn;1998;8;MEX;16.5;-117.5;1
SPZn;1998;8;MEX;23.5;-111.5;1
SPZn;1998;8;MEX;26.5;-113.5;2
SPZn;1998;8;Other;-1.5;-84.5;1
SPZn;1998;8;VUT;16.5;-117.5;1
SPZn;1998;8;VUT;19.5;-117.5;2
SPZn;1998;9;COL;0.5;-83.5;1
SPZn;1998;9;ECU;4.5;-109.5;2
SPZn;1998;9;ECU;6.5;-126.5;1
SPZn;1998;9;ECU;7.5;-123.5;2
SPZn;1998;9;MEX;22.5;-114.5;9
SPZn;1998;9;Other;0.5;-84.5;1
SPZn;1998;9;VEN;0.5;-87.5;12
SPZn;1998;9;VUT;10.5;-97.5;1
SPZn;1998;10;COL;-0.5;-84.5;2
SPZn;1998;10;COL;10.5;-105.5;1
SPZn;1998;10;ECU;1.5;-84.5;2
SPZn;1998;10;ECU;6.5;-119.5;1
SPZn;1998;10;Other;-0.5;-87.5;1
SPZn;1998;10;Other;0.5;-84.5;1
SPZn;1998;10;Other;1.5;-86.5;12
SPZn;1998;10;Other;1.5;-85.5;1
SPZn;1998;10;Other;1.5;-84.5;2
SPZn;1998;10;USA;18.5;-112.5;3
SPZn;1998;10;VEN;2.5;-87.5;1
SPZn;1998;11;COL;-0.5;-83.5;1
SPZn;1998;11;COL;0.5;-83.5;1
SPZn;1998;11;ECU;0.5;-91.5;1
SPZn;1998;11;ECU;3.5;-100.5;1
SPZn;1998;11;ECU;3.5;-99.5;1
SPZn;1998;11;ECU;4.5;-126.5;1
SPZn;1998;11;ECU;4.5;-108.5;2
SPZn;1998;11;ESP;6.5;-127.5;1
SPZn;1998;11;MEX;22.5;-106.5;12
SPZn;1998;11;MEX;27.5;-112.5;2
SPZn;1998;11;USA;5.5;-124.5;9
SPZn;1998;12;COL;4.5;-114.5;4
SPZn;1998;12;ECU;4.5;-111.5;1
SPZn;1998;12;ECU;4.5;-106.5;1
SPZn;1998;12;ECU;5.5;-116.5;2
SPZn;1998;12;ECU;7.5;-112.5;1
SPZn;1998;12;ESP;3.5;-116.5;3
SPZn;1998;12;VEN;5.5;-104.5;4
SPZn;1998;12;VUT;0.5;-85.5;54
SPZn;1999;1;COL;0.5;-87.5;1
SPZn;1999;1;COL;1.5;-86.5;1
SPZn;1999;1;COL;3.5;-84.5;3
SPZn;1999;1;ECU;-2.5;-91.5;1
SPZn;1999;1;ECU;1.5;-88.5;4
SPZn;1999;1;ECU;1.5;-86.5;3
SPZn;1999;1;ECU;4.5;-116.5;1
SPZn;1999;1;ECU;4.5;-110.5;1
SPZn;1999;1;ECU;5.5;-97.5;1
SPZn;1999;1;ECU;6.5;-115.5;1
SPZn;1999;1;ECU;6.5;-112.5;5
SPZn;1999;1;ESP;2.5;-106.5;2
SPZn;1999;1;ESP;5.5;-124.5;1
SPZn;1999;1;Other;1.5;-83.5;3
SPZn;1999;1;Other;2.5;-83.5;3
SPZn;1999;1;USA;2.5;-96.5;1
SPZn;1999;1;USA;6.5;-109.5;2
SPZn;1999;2;COL;1.5;-87.5;2
SPZn;1999;2;ECU;0.5;-91.5;2
SPZn;1999;2;ECU;0.5;-89.5;2
SPZn;1999;2;ECU;1.5;-89.5;1
SPZn;1999;2;Other;0.5;-89.5;3
SPZn;1999;2;VEN;6.5;-93.5;1
SPZn;1999;2;VUT;1.5;-87.5;28
SPZn;1999;3;ECU;-3.5;-111.5;8
SPZn;1999;3;ECU;-3.5;-110.5;1
SPZn;1999;3;ECU;-2.5;-113.5;17
SPZn;1999;3;ECU;-1.5;-82.5;1
SPZn;1999;3;ECU;1.5;-82.5;2
SPZn;1999;3;ECU;2.5;-89.5;1
SPZn;1999;3;ECU;2.5;-88.5;2
SPZn;1999;3;ECU;2.5;-87.5;2
SPZn;1999;3;ECU;2.5;-86.5;2
SPZn;1999;3;ECU;2.5;-84.5;1
SPZn;1999;3;ECU;3.5;-90.5;2
SPZn;1999;3;ECU;4.5;-94.5;1
SPZn;1999;3;MEX;5.5;-103.5;1
SPZn;1999;3;VEN;6.5;-83.5;1
SPZn;1999;4;ECU;0.5;-93.5;2
SPZn;1999;4;ECU;0.5;-92.5;1
SPZn;1999;4;ECU;1.5;-94.5;1
SPZn;1999;4;ECU;1.5;-86.5;1
SPZn;1999;4;ECU;2.5;-95.5;1
SPZn;1999;4;ECU;4.5;-98.5;1
SPZn;1999;4;MEX;21.5;-106.5;1
SPZn;1999;5;ECU;1.5;-93.5;2
SPZn;1999;5;ECU;1.5;-86.5;5
SPZn;1999;5;ECU;2.5;-100.5;1
SPZn;1999;5;ECU;3.5;-102.5;2
SPZn;1999;5;ECU;3.5;-100.5;3
SPZn;1999;5;ECU;4.5;-103.5;1
SPZn;1999;5;Other;3.5;-91.5;2
SPZn;1999;5;USA;4.5;-102.5;1
SPZn;1999;5;USA;5.5;-102.5;1
SPZn;1999;5;VUT;4.5;-115.5;1
SPZn;1999;6;ECU;3.5;-96.5;1
SPZn;1999;6;ECU;3.5;-95.5;10
SPZn;1999;6;USA;4.5;-108.5;7
SPZn;1999;7;ECU;2.5;-92.5;1
SPZn;1999;7;ECU;3.5;-107.5;1
SPZn;1999;7;ECU;3.5;-106.5;1
SPZn;1999;7;ECU;4.5;-102.5;1
SPZn;1999;7;ESP;4.5;-113.5;4
SPZn;1999;7;Other;4.5;-95.5;1
SPZn;1999;7;USA;4.5;-96.5;9
SPZn;1999;7;VUT;5.5;-91.5;4
SPZn;1999;8;ECU;2.5;-87.5;2
SPZn;1999;8;ECU;3.5;-94.5;1
SPZn;1999;8;ECU;4.5;-99.5;1
SPZn;1999;8;ECU;5.5;-108.5;1
SPZn;1999;8;ESP;4.5;-119.5;1
SPZn;1999;8;MEX;22.5;-112.5;4
SPZn;1999;8;VEN;2.5;-87.5;2
SPZn;1999;8;VEN;10.5;-86.5;1
SPZn;1999;8;VUT;2.5;-92.5;1
SPZn;1999;8;VUT;3.5;-86.5;1
SPZn;1999;8;VUT;4.5;-110.5;4
SPZn;1999;9;COL;2.5;-91.5;1
SPZn;1999;9;COL;2.5;-90.5;2
SPZn;1999;9;COL;3.5;-101.5;1
SPZn;1999;9;COL;3.5;-91.5;13
SPZn;1999;9;ECU;3.5;-101.5;5
SPZn;1999;9;ECU;3.5;-100.5;1
SPZn;1999;9;ECU;3.5;-97.5;3
SPZn;1999;9;ECU;4.5;-115.5;5
SPZn;1999;9;ECU;4.5;-97.5;4
SPZn;1999;9;ECU;5.5;-110.5;3
SPZn;1999;9;ECU;5.5;-107.5;1
SPZn;1999;9;ECU;5.5;-106.5;5
SPZn;1999;9;ESP;2.5;-101.5;17
SPZn;1999;9;ESP;4.5;-91.5;1
SPZn;1999;9;ESP;6.5;-115.5;2
SPZn;1999;9;Other;4.5;-104.5;1
SPZn;1999;10;COL;2.5;-82.5;1
SPZn;1999;10;ECU;-4.5;-126.5;1
SPZn;1999;10;ECU;-0.5;-144.5;1
SPZn;1999;10;ECU;2.5;-104.5;1
SPZn;1999;10;ECU;2.5;-83.5;1
SPZn;1999;10;ECU;3.5;-128.5;1
SPZn;1999;10;ECU;3.5;-89.5;1
SPZn;1999;10;ECU;4.5;-124.5;6
SPZn;1999;10;ECU;5.5;-130.5;1
SPZn;1999;10;ECU;5.5;-126.5;1
SPZn;1999;10;ECU;6.5;-116.5;1
SPZn;1999;10;PAN;3.5;-116.5;1
SPZn;1999;10;VUT;1.5;-89.5;3
SPZn;1999;10;VUT;3.5;-90.5;1
SPZn;1999;11;ECU;-3.5;-111.5;1
SPZn;1999;11;VUT;9.5;-103.5;1
SPZn;2000;1;ECU;1.5;-88.5;1
SPZn;2000;1;ESP;5.5;-124.5;2
SPZn;2000;1;VUT;2.5;-85.5;1
SPZn;2000;2;ECU;-2.5;-92.5;2
SPZn;2000;2;ECU;-1.5;-102.5;3
SPZn;2000;2;ECU;-1.5;-93.5;1
SPZn;2000;2;ECU;-1.5;-90.5;1
SPZn;2000;2;USA;-6.5;-113.5;2
SPZn;2000;2;USA;-2.5;-102.5;2
SPZn;2000;2;VEN;7.5;-95.5;1
SPZn;2000;2;VUT;-2.5;-103.5;2
SPZn;2000;2;VUT;-1.5;-103.5;1
SPZn;2000;3;ECU;-2.5;-92.5;1
SPZn;2000;3;ECU;-0.5;-94.5;10
SPZn;2000;3;ECU;2.5;-107.5;6
SPZn;2000;3;ECU;2.5;-102.5;1
SPZn;2000;3;ECU;4.5;-94.5;1
SPZn;2000;3;ESP;2.5;-105.5;7
SPZn;2000;3;ESP;3.5;-105.5;5
SPZn;2000;3;MEX;5.5;-95.5;5
SPZn;2000;3;PAN;-2.5;-92.5;1
SPZn;2000;3;VEN;6.5;-96.5;1
SPZn;2000;4;ECU;-12.5;-83.5;1
SPZn;2000;4;ECU;-4.5;-88.5;2
SPZn;2000;4;ECU;-2.5;-90.5;2
SPZn;2000;4;ECU;-1.5;-91.5;2
SPZn;2000;4;MEX;22.5;-106.5;1
SPZn;2000;4;USA;-9.5;-87.5;7
SPZn;2000;4;VUT;-9.5;-85.5;8
SPZn;2000;5;COL;3.5;-128.5;1
SPZn;2000;5;ECU;-7.5;-87.5;3
SPZn;2000;5;ECU;-6.5;-86.5;2
SPZn;2000;5;ECU;3.5;-102.5;2
SPZn;2000;5;MEX;22.5;-106.5;1
SPZn;2000;5;Other;0.5;-101.5;1
SPZn;2000;5;USA;-10.5;-106.5;1
SPZn;2000;7;ECU;-8.5;-114.5;3
SPZn;2000;7;ECU;3.5;-90.5;2
SPZn;2000;7;ECU;4.5;-126.5;1
SPZn;2000;7;ECU;5.5;-128.5;1
SPZn;2000;7;ECU;5.5;-124.5;1
SPZn;2000;7;ESP;3.5;-110.5;1
SPZn;2000;7;Other;4.5;-119.5;1
SPZn;2000;8;ECU;4.5;-100.5;1
SPZn;2000;8;ECU;5.5;-111.5;3
SPZn;2000;8;ECU;5.5;-104.5;1
SPZn;2000;8;ESP;3.5;-113.5;4
SPZn;2000;8;ESP;5.5;-117.5;2
SPZn;2000;8;ESP;6.5;-117.5;4
SPZn;2000;8;MEX;19.5;-110.5;1
SPZn;2000;8;MEX;24.5;-115.5;5
SPZn;2000;8;Other;4.5;-112.5;1
SPZn;2000;8;Other;6.5;-117.5;1
SPZn;2000;8;Other;7.5;-112.5;1
SPZn;2000;8;USA;-1.5;-121.5;1
SPZn;2000;9;ECU;-2.5;-131.5;9
SPZn;2000;9;ECU;-1.5;-132.5;9
SPZn;2000;9;ECU;3.5;-83.5;1
SPZn;2000;9;ECU;4.5;-128.5;1
SPZn;2000;9;MEX;11.5;-100.5;1
SPZn;2000;9;MEX;24.5;-115.5;2
SPZn;2000;9;USA;1.5;-123.5;7
SPZn;2000;10;MEX;10.5;-109.5;7
SPZn;2000;10;MEX;10.5;-106.5;2
SPZn;2000;11;COL;5.5;-90.5;1
SPZn;2001;1;ECU;2.5;-103.5;1
SPZn;2001;1;ECU;3.5;-111.5;2
SPZn;2001;1;USA;-2.5;-136.5;1
SPZn;2001;2;ECU;-5.5;-88.5;3
SPZn;2001;2;ECU;-5.5;-84.5;1
SPZn;2001;3;ECU;-14.5;-84.5;42
SPZn;2001;3;ECU;-14.5;-83.5;18
SPZn;2001;3;ECU;-13.5;-84.5;19
SPZn;2001;3;ECU;-13.5;-82.5;1
SPZn;2001;3;ECU;-13.5;-81.5;32
SPZn;2001;3;ECU;-11.5;-84.5;1
SPZn;2001;3;ECU;-10.5;-85.5;6
SPZn;2001;3;ECU;-9.5;-85.5;10
SPZn;2001;3;ECU;-9.5;-80.5;1
SPZn;2001;3;ECU;-2.5;-101.5;4
SPZn;2001;3;ECU;-2.5;-100.5;1
SPZn;2001;4;ECU;-14.5;-83.5;6
SPZn;2001;4;ECU;-13.5;-85.5;7
SPZn;2001;4;ECU;-11.5;-87.5;27
SPZn;2001;4;ECU;-11.5;-86.5;5
SPZn;2001;4;ECU;5.5;-77.5;2
SPZn;2001;4;Other;-13.5;-81.5;2
SPZn;2001;4;Other;-12.5;-91.5;1
SPZn;2001;4;Other;-12.5;-83.5;2
SPZn;2001;5;ECU;-13.5;-88.5;4
SPZn;2001;5;ECU;2.5;-109.5;1
SPZn;2001;5;ECU;6.5;-94.5;2
SPZn;2001;6;MEX;19.5;-110.5;2
SPZn;2001;7;ESP;6.5;-104.5;2
SPZn;2001;7;ESP;7.5;-104.5;1
SPZn;2001;7;Other;-1.5;-117.5;1
SPZn;2001;8;ECU;1.5;-123.5;1
SPZn;2001;8;ECU;1.5;-97.5;1
SPZn;2001;8;ECU;2.5;-94.5;4
SPZn;2001;8;ECU;2.5;-88.5;4
SPZn;2001;8;ECU;3.5;-94.5;4
SPZn;2001;8;ECU;4.5;-103.5;1
SPZn;2001;8;ECU;4.5;-102.5;6
SPZn;2001;8;Other;-4.5;-117.5;4
SPZn;2001;8;Other;-2.5;-123.5;2
SPZn;2001;8;Other;5.5;-128.5;1
SPZn;2001;9;ECU;4.5;-104.5;1
SPZn;2001;9;ESP;6.5;-110.5;46
SPZn;2001;10;Other;1.5;-123.5;1
SPZn;2001;10;Other;2.5;-103.5;1
SPZn;2001;10;VUT;2.5;-101.5;3
SPZn;2001;11;ECU;-0.5;-84.5;1
SPZn;2001;11;ECU;1.5;-93.5;1
SPZn;2001;12;ECU;0.5;-100.5;1
SPZn;2001;12;ECU;1.5;-98.5;5
SPZn;2001;12;ECU;2.5;-96.5;4
SPZn;2001;12;ECU;2.5;-95.5;8
SPZn;2001;12;ESP;4.5;-103.5;2
SPZn;2001;12;VEN;8.5;-105.5;1
SPZn;2001;12;VUT;5.5;-113.5;1
SPZn;2002;1;ECU;-0.5;-88.5;6
SPZn;2002;1;SLV;4.5;-115.5;2
SPZn;2002;2;ECU;-12.5;-81.5;4
SPZn;2002;2;ECU;-11.5;-84.5;14
SPZn;2002;2;ECU;-11.5;-83.5;1
SPZn;2002;2;ECU;-7.5;-87.5;1
SPZn;2002;2;ESP;-9.5;-86.5;11
SPZn;2002;2;Other;-15.5;-85.5;6
SPZn;2002;2;Other;-15.5;-84.5;1
SPZn;2002;2;Other;-15.5;-83.5;1
SPZn;2002;2;Other;-14.5;-84.5;5
SPZn;2002;2;Other;-9.5;-86.5;9
SPZn;2002;2;Other;-8.5;-87.5;1
SPZn;2002;2;USA;-13.5;-81.5;4
SPZn;2002;2;USA;-12.5;-82.5;3
SPZn;2002;2;USA;-7.5;-87.5;2
SPZn;2002;2;VUT;-15.5;-80.5;2
SPZn;2002;3;ECU;-13.5;-88.5;3
SPZn;2002;3;ECU;-12.5;-87.5;1
SPZn;2002;3;ECU;-12.5;-86.5;1
SPZn;2002;3;ECU;-11.5;-87.5;2
SPZn;2002;3;ECU;-10.5;-87.5;2
SPZn;2002;3;ECU;-7.5;-86.5;35
SPZn;2002;3;ECU;-7.5;-85.5;1
SPZn;2002;3;ESP;-12.5;-90.5;2
SPZn;2002;3;ESP;-9.5;-88.5;2
SPZn;2002;3;ESP;-9.5;-83.5;1
SPZn;2002;3;ESP;-8.5;-87.5;13
SPZn;2002;3;ESP;-8.5;-86.5;12
SPZn;2002;3;Other;-9.5;-87.5;9
SPZn;2002;3;Other;-9.5;-86.5;22
SPZn;2002;3;Other;-9.5;-85.5;1
SPZn;2002;3;Other;-7.5;-87.5;1
SPZn;2002;3;SLV;-14.5;-91.5;1
SPZn;2002;3;VEN;2.5;-105.5;1
SPZn;2002;4;COL;7.5;-103.5;1
SPZn;2002;4;ESP;-8.5;-102.5;1
SPZn;2002;4;Other;-13.5;-90.5;3
SPZn;2002;4;Other;-12.5;-92.5;1
SPZn;2002;4;Other;-7.5;-88.5;4
SPZn;2002;4;Other;-6.5;-90.5;2
SPZn;2002;4;VEN;6.5;-110.5;2
SPZn;2002;4;VUT;8.5;-101.5;1
SPZn;2002;5;ESP;-11.5;-94.5;5
SPZn;2002;5;MEX;16.5;-109.5;1
SPZn;2002;5;MEX;19.5;-110.5;1
SPZn;2002;5;MEX;19.5;-107.5;2
SPZn;2002;5;MEX;20.5;-106.5;1
SPZn;2002;5;PAN;7.5;-81.5;31
SPZn;2002;5;SLV;-3.5;-116.5;2
SPZn;2002;6;ECU;-8.5;-88.5;1
SPZn;2002;6;ESP;2.5;-93.5;1
SPZn;2002;7;ECU;-5.5;-92.5;4
SPZn;2002;7;ECU;-3.5;-101.5;11
SPZn;2002;7;ECU;2.5;-85.5;2
SPZn;2002;7;ECU;3.5;-96.5;1
SPZn;2002;7;ESP;-2.5;-111.5;2
SPZn;2002;7;MEX;25.5;-113.5;2
SPZn;2002;7;Other;-4.5;-107.5;3
SPZn;2002;7;PAN;7.5;-81.5;8
SPZn;2002;8;ECU;-0.5;-121.5;1
SPZn;2002;8;ECU;1.5;-85.5;5
SPZn;2002;8;PAN;10.5;-95.5;1
SPZn;2002;9;ECU;-1.5;-112.5;4
SPZn;2002;9;ECU;0.5;-86.5;1
SPZn;2002;9;ECU;1.5;-110.5;1
SPZn;2002;9;ECU;1.5;-86.5;1
SPZn;2002;9;ESP;-3.5;-133.5;1
SPZn;2002;9;ESP;-1.5;-136.5;1
SPZn;2002;9;Other;1.5;-85.5;1
SPZn;2002;9;Other;2.5;-88.5;6
SPZn;2002;9;Other;2.5;-87.5;1
SPZn;2002;9;Other;3.5;-87.5;7
SPZn;2002;9;Other;3.5;-86.5;6
SPZn;2002;10;ECU;-3.5;-102.5;15
SPZn;2002;10;ECU;0.5;-86.5;1
SPZn;2002;10;ECU;1.5;-87.5;4
SPZn;2002;10;ECU;1.5;-86.5;2
SPZn;2002;10;ECU;2.5;-99.5;1
SPZn;2002;10;ECU;2.5;-87.5;5
SPZn;2002;10;ECU;2.5;-86.5;4
SPZn;2002;10;ECU;2.5;-84.5;2
SPZn;2002;10;ECU;6.5;-95.5;2
SPZn;2002;10;ESP;5.5;-121.5;1
SPZn;2002;10;USA;18.5;-115.5;6
SPZn;2002;10;USA;19.5;-116.5;5
SPZn;2002;10;USA;19.5;-115.5;3
SPZn;2002;11;COL;-4.5;-98.5;1
SPZn;2002;11;ECU;1.5;-90.5;1
SPZn;2002;11;ECU;3.5;-84.5;1
SPZn;2002;11;Other;-4.5;-86.5;1
SPZn;2002;11;VEN;9.5;-102.5;1
SPZn;2003;1;ECU;-9.5;-84.5;1
SPZn;2003;1;ECU;-9.5;-82.5;2
SPZn;2003;1;ECU;-8.5;-84.5;5
SPZn;2003;1;ECU;-8.5;-83.5;2
SPZn;2003;1;ECU;-7.5;-83.5;1
SPZn;2003;1;ECU;-6.5;-86.5;12
SPZn;2003;1;ECU;-6.5;-85.5;3
SPZn;2003;1;ESP;-8.5;-84.5;3
SPZn;2003;1;ESP;-8.5;-83.5;1
SPZn;2003;1;ESP;-7.5;-83.5;7
SPZn;2003;1;MEX;-1.5;-106.5;1
SPZn;2003;1;Other;-6.5;-83.5;20
SPZn;2003;2;ECU;-9.5;-85.5;6
SPZn;2003;2;ECU;-9.5;-84.5;7
SPZn;2003;2;ECU;-8.5;-82.5;14
SPZn;2003;2;Other;-11.5;-81.5;1
SPZn;2003;2;Other;-11.5;-80.5;4
SPZn;2003;2;Other;-7.5;-89.5;1
SPZn;2003;2;Other;-7.5;-85.5;17
SPZn;2003;2;PAN;-6.5;-86.5;2
SPZn;2003;3;ECU;-13.5;-80.5;4
SPZn;2003;3;ECU;-11.5;-84.5;8
SPZn;2003;3;ECU;-9.5;-86.5;10
SPZn;2003;3;ESP;-11.5;-89.5;1
SPZn;2003;3;ESP;-8.5;-91.5;2
SPZn;2003;3;ESP;-8.5;-90.5;5
SPZn;2003;3;Other;-10.5;-95.5;10
SPZn;2003;3;Other;-7.5;-87.5;2
SPZn;2003;3;Other;7.5;-81.5;48
SPZn;2003;3;USA;16.5;-110.5;1
SPZn;2003;4;ECU;-11.5;-84.5;7
SPZn;2003;4;ECU;-9.5;-86.5;4
SPZn;2003;4;ECU;-9.5;-85.5;221
SPZn;2003;4;ECU;-8.5;-86.5;1
SPZn;2003;4;ECU;-7.5;-87.5;1
SPZn;2003;4;ECU;-7.5;-86.5;1
SPZn;2003;4;ECU;-5.5;-88.5;1
SPZn;2003;4;ESP;-12.5;-96.5;7
SPZn;2003;4;ESP;-12.5;-88.5;15
SPZn;2003;4;ESP;-12.5;-86.5;15
SPZn;2003;4;Other;-12.5;-98.5;10
SPZn;2003;4;Other;-6.5;-86.5;8
SPZn;2003;5;ECU;-9.5;-88.5;2
SPZn;2003;5;ECU;-9.5;-87.5;1
SPZn;2003;5;ECU;-7.5;-88.5;1
SPZn;2003;5;ECU;-4.5;-87.5;1
SPZn;2003;5;MEX;18.5;-107.5;1
SPZn;2003;5;Other;-11.5;-87.5;12
SPZn;2003;5;Other;7.5;-96.5;1
SPZn;2003;5;PAN;5.5;-84.5;2
SPZn;2003;5;PAN;6.5;-89.5;1
SPZn;2003;5;PAN;9.5;-85.5;1
SPZn;2003;5;PAN;9.5;-84.5;1
SPZn;2003;6;ECU;-4.5;-91.5;1
SPZn;2003;6;ECU;1.5;-88.5;2
SPZn;2003;6;ECU;3.5;-99.5;23
SPZn;2003;7;ECU;3.5;-90.5;1
SPZn;2003;7;MEX;9.5;-132.5;1
SPZn;2003;7;PAN;7.5;-96.5;1
SPZn;2003;8;ECU;-7.5;-110.5;1
SPZn;2003;8;ECU;-5.5;-96.5;27
SPZn;2003;8;ECU;-5.5;-94.5;16
SPZn;2003;8;ECU;1.5;-94.5;1
SPZn;2003;8;ECU;1.5;-93.5;2
SPZn;2003;8;ECU;1.5;-86.5;1
SPZn;2003;8;ECU;2.5;-100.5;1
SPZn;2003;8;ECU;2.5;-89.5;1
SPZn;2003;8;ECU;2.5;-85.5;1
SPZn;2003;8;ECU;3.5;-115.5;1
SPZn;2003;8;ECU;3.5;-96.5;4
SPZn;2003;8;Other;1.5;-89.5;1
SPZn;2003;8;Other;1.5;-88.5;2
SPZn;2003;8;Other;2.5;-88.5;9
SPZn;2003;9;MEX;24.5;-112.5;1
SPZn;2003;9;PAN;-1.5;-84.5;7
SPZn;2003;9;USA;5.5;-119.5;1
SPZn;2003;10;ECU;0.5;-88.5;5
SPZn;2003;10;ECU;0.5;-86.5;2
SPZn;2003;10;ECU;1.5;-100.5;1
SPZn;2003;10;ECU;1.5;-88.5;3
SPZn;2003;10;ECU;2.5;-90.5;5
SPZn;2003;10;ECU;2.5;-89.5;1
SPZn;2003;10;USA;-9.5;-104.5;1
SPZn;2003;10;VUT;1.5;-86.5;5
SPZn;2003;10;VUT;2.5;-107.5;1
SPZn;2003;10;VUT;2.5;-106.5;1
SPZn;2003;11;COL;-3.5;-88.5;59
SPZn;2003;11;COL;-1.5;-86.5;1
SPZn;2003;11;ECU;-9.5;-102.5;1
SPZn;2003;11;ECU;1.5;-102.5;4
SPZn;2003;11;ECU;1.5;-98.5;1
SPZn;2003;11;ECU;1.5;-94.5;2
SPZn;2003;11;MEX;24.5;-109.5;1
SPZn;2003;11;Other;0.5;-96.5;1
SPZn;2003;11;Other;3.5;-94.5;8
SPZn;2003;11;USA;-2.5;-102.5;1
SPZn;2003;11;VUT;0.5;-87.5;2
SPZn;2003;11;VUT;1.5;-85.5;1
SPZn;2003;11;VUT;2.5;-89.5;3
SPZn;2003;12;Other;-10.5;-79.5;29
SPZn;2003;12;PAN;-7.5;-105.5;1
SPZn;2003;12;PAN;-6.5;-107.5;9
SPZn;2003;12;VEN;-3.5;-89.5;1
SPZn;2004;1;ECU;-14.5;-77.5;404
SPZn;2004;1;ECU;-6.5;-85.5;2
SPZn;2004;1;ECU;-6.5;-84.5;10
SPZn;2004;1;ECU;-2.5;-113.5;1
SPZn;2004;1;PAN;5.5;-115.5;1
SPZn;2004;2;ECU;-11.5;-96.5;1
SPZn;2004;2;ECU;-11.5;-88.5;2
SPZn;2004;2;ECU;-11.5;-86.5;1
SPZn;2004;2;ECU;-10.5;-83.5;4
SPZn;2004;2;HND;-15.5;-83.5;25
SPZn;2004;2;Other;-11.5;-81.5;3
SPZn;2004;2;PAN;-15.5;-83.5;63
SPZn;2004;2;PAN;-15.5;-82.5;108
SPZn;2004;2;PAN;-13.5;-82.5;3
SPZn;2004;2;PAN;-12.5;-82.5;1
SPZn;2004;2;SLV;-9.5;-85.5;4
SPZn;2004;2;VUT;0.5;-129.5;1
SPZn;2004;3;ECU;-13.5;-84.5;3
SPZn;2004;3;ECU;-13.5;-83.5;1
SPZn;2004;3;ECU;-13.5;-82.5;12
SPZn;2004;3;ECU;-12.5;-86.5;2
SPZn;2004;3;ECU;-12.5;-84.5;110
SPZn;2004;3;ECU;-12.5;-83.5;74
SPZn;2004;3;ECU;-11.5;-90.5;9
SPZn;2004;3;ECU;-11.5;-87.5;1
SPZn;2004;3;ECU;-11.5;-86.5;12
SPZn;2004;3;ECU;-11.5;-85.5;2
SPZn;2004;3;ECU;-11.5;-81.5;22
SPZn;2004;3;ECU;-9.5;-86.5;6
SPZn;2004;3;ECU;-4.5;-145.5;1
SPZn;2004;3;HND;-14.5;-87.5;4
SPZn;2004;3;HND;-12.5;-83.5;3
SPZn;2004;3;Other;-12.5;-83.5;10
SPZn;2004;3;Other;-12.5;-82.5;10
SPZn;2004;3;Other;-11.5;-86.5;2
SPZn;2004;3;Other;-11.5;-85.5;3
SPZn;2004;3;Other;-11.5;-83.5;1
SPZn;2004;3;Other;-11.5;-80.5;1
SPZn;2004;3;Other;-7.5;-87.5;1
SPZn;2004;3;PAN;-13.5;-85.5;3
SPZn;2004;3;PAN;-10.5;-87.5;1
SPZn;2004;3;SLV;-11.5;-83.5;3
SPZn;2004;3;SLV;-8.5;-87.5;1
SPZn;2004;3;SLV;-3.5;-99.5;1
SPZn;2004;3;VUT;-10.5;-92.5;2
SPZn;2004;3;VUT;-8.5;-103.5;2
SPZn;2004;4;ECU;-13.5;-88.5;11
SPZn;2004;5;ECU;-8.5;-106.5;2
SPZn;2004;5;ECU;-2.5;-89.5;2
SPZn;2004;5;HND;-14.5;-90.5;10
SPZn;2004;5;Other;-8.5;-90.5;1
SPZn;2004;5;Other;-5.5;-91.5;1
SPZn;2004;6;HND;-10.5;-95.5;1
SPZn;2004;7;MEX;22.5;-113.5;1
SPZn;2004;7;MEX;23.5;-113.5;15
SPZn;2004;7;Other;-8.5;-112.5;1
SPZn;2004;7;Other;-8.5;-104.5;1
SPZn;2004;7;Other;-7.5;-109.5;1
SPZn;2004;7;PAN;7.5;-79.5;23
SPZn;2004;7;SLV;18.5;-118.5;2
SPZn;2004;8;Other;0.5;-118.5;1
SPZn;2004;8;PAN;0.5;-120.5;12
SPZn;2004;8;PAN;2.5;-141.5;1
SPZn;2004;8;PAN;6.5;-111.5;3
SPZn;2004;8;VUT;-0.5;-130.5;1
SPZn;2004;9;MEX;11.5;-121.5;1
SPZn;2004;9;MEX;13.5;-113.5;1
SPZn;2004;9;Other;-3.5;-105.5;1
SPZn;2004;9;PAN;3.5;-93.5;1
SPZn;2004;9;SLV;-1.5;-111.5;1
SPZn;2004;10;ECU;-4.5;-104.5;1
SPZn;2004;10;ECU;1.5;-90.5;4
SPZn;2004;10;HND;-2.5;-103.5;1
SPZn;2004;10;MEX;18.5;-115.5;1
SPZn;2004;10;Other;-3.5;-108.5;2
SPZn;2004;10;Other;-2.5;-108.5;2
SPZn;2004;10;Other;-2.5;-105.5;1
SPZn;2004;10;PAN;-2.5;-111.5;1
SPZn;2004;10;PAN;-2.5;-106.5;4
SPZn;2004;10;PAN;1.5;-93.5;1
SPZn;2004;10;SLV;-3.5;-104.5;3
SPZn;2004;11;ECU;-6.5;-108.5;1
SPZn;2004;11;MEX;8.5;-87.5;1
SPZn;2004;11;Other;-2.5;-108.5;2
SPZn;2004;11;VEN;5.5;-87.5;9
SPZn;2004;11;VEN;6.5;-88.5;20
SPZn;2004;12;ECU;-0.5;-104.5;2
SPZn;2004;12;ECU;1.5;-98.5;1
SPZn;2005;1;ECU;-13.5;-78.5;2
SPZn;2005;1;PAN;-17.5;-73.5;3
SPZn;2005;2;ECU;-17.5;-75.5;1
SPZn;2005;2;ECU;-15.5;-78.5;3
SPZn;2005;2;ECU;-11.5;-82.5;68
SPZn;2005;2;ECU;-11.5;-81.5;9
SPZn;2005;2;ECU;-3.5;-103.5;1
SPZn;2005;2;MEX;8.5;-94.5;1
SPZn;2005;2;Other;-16.5;-74.5;6
SPZn;2005;2;PAN;-17.5;-72.5;1
SPZn;2005;2;PAN;-13.5;-84.5;2
SPZn;2005;2;PAN;-11.5;-83.5;1
SPZn;2005;2;VEN;9.5;-100.5;1
SPZn;2005;3;ECU;-17.5;-82.5;80
SPZn;2005;3;ECU;-16.5;-82.5;3
SPZn;2005;3;ECU;-16.5;-80.5;40
SPZn;2005;3;ECU;-15.5;-81.5;60
SPZn;2005;3;ECU;-14.5;-82.5;6
SPZn;2005;3;ECU;-14.5;-80.5;10
SPZn;2005;3;ECU;-12.5;-83.5;1
SPZn;2005;3;ECU;-11.5;-79.5;1
SPZn;2005;3;ECU;-11.5;-78.5;1
SPZn;2005;3;ECU;-10.5;-78.5;1
SPZn;2005;3;ECU;-8.5;-90.5;1
SPZn;2005;3;ECU;-7.5;-85.5;2
SPZn;2005;3;HND;-15.5;-76.5;1
SPZn;2005;3;NIC;8.5;-90.5;2
SPZn;2005;3;Other;-12.5;-82.5;3
SPZn;2005;3;Other;-11.5;-82.5;2
SPZn;2005;3;PAN;-14.5;-87.5;15
SPZn;2005;3;PAN;-14.5;-86.5;25
SPZn;2005;3;PAN;7.5;-90.5;1
SPZn;2005;3;SLV;-16.5;-84.5;5
SPZn;2005;3;SLV;-15.5;-76.5;2
SPZn;2005;3;VEN;6.5;-90.5;1
SPZn;2005;3;VEN;8.5;-97.5;1
SPZn;2005;4;ECU;-16.5;-76.5;1
SPZn;2005;4;ECU;5.5;-93.5;1
SPZn;2005;4;Other;-6.5;-88.5;1
SPZn;2005;4;VEN;-16.5;-76.5;1
SPZn;2005;5;ECU;-8.5;-84.5;1
SPZn;2005;5;ECU;2.5;-92.5;4
SPZn;2005;5;ECU;2.5;-91.5;6
SPZn;2005;5;ECU;9.5;-95.5;1
SPZn;2005;5;Other;-7.5;-86.5;1
SPZn;2005;5;VEN;5.5;-77.5;1
SPZn;2005;6;ECU;-6.5;-103.5;1
SPZn;2005;6;ECU;-0.5;-87.5;3
SPZn;2005;6;ECU;2.5;-94.5;1
SPZn;2005;6;ECU;2.5;-93.5;9
SPZn;2005;6;ECU;2.5;-92.5;4
SPZn;2005;6;ECU;3.5;-107.5;1
SPZn;2005;6;ECU;3.5;-93.5;1
SPZn;2005;6;ESP;-2.5;-117.5;1
SPZn;2005;6;VEN;9.5;-120.5;2
SPZn;2005;7;ECU;-3.5;-105.5;7
SPZn;2005;7;ECU;-2.5;-99.5;1
SPZn;2005;7;ECU;4.5;-96.5;1
SPZn;2005;7;ECU;5.5;-113.5;1
SPZn;2005;7;ECU;5.5;-112.5;1
SPZn;2005;7;PAN;2.5;-90.5;5
SPZn;2005;7;VEN;8.5;-92.5;1
SPZn;2005;7;VEN;9.5;-102.5;1
SPZn;2005;8;MEX;25.5;-112.5;1
SPZn;2005;8;MEX;26.5;-113.5;4
SPZn;2005;8;MEX;26.5;-112.5;1
SPZn;2005;9;ECU;-5.5;-124.5;2
SPZn;2005;9;ECU;-2.5;-122.5;1
SPZn;2005;10;ECU;-5.5;-116.5;1
SPZn;2005;10;ECU;-2.5;-105.5;1
SPZn;2005;10;ECU;1.5;-95.5;4
SPZn;2005;10;ESP;-2.5;-131.5;3
SPZn;2005;10;ESP;-2.5;-122.5;3
SPZn;2005;10;HND;-0.5;-122.5;2
SPZn;2005;10;NIC;8.5;-101.5;1
SPZn;2005;10;Other;-10.5;-107.5;1
SPZn;2005;11;ECU;1.5;-98.5;1
SPZn;2005;11;ECU;1.5;-96.5;1
SPZn;2005;11;ECU;1.5;-94.5;3
SPZn;2005;11;ECU;2.5;-96.5;2
SPZn;2005;11;ECU;6.5;-100.5;3
SPZn;2005;11;Other;1.5;-87.5;2
SPZn;2005;11;VEN;-5.5;-82.5;1
SPZn;2005;12;ECU;-12.5;-78.5;1
SPZn;2005;12;ECU;-7.5;-113.5;1
SPZn;2005;12;ECU;-4.5;-132.5;1
SPZn;2005;12;ECU;-3.5;-117.5;1
SPZn;2005;12;Other;-2.5;-115.5;1
SPZn;2005;12;PAN;-6.5;-111.5;1
SPZn;2005;12;PAN;-5.5;-102.5;2
SPZn;2005;12;VEN;-16.5;-74.5;24
SPZn;2006;1;ECU;-10.5;-80.5;74
SPZn;2006;1;ECU;-8.5;-81.5;1
SPZn;2006;1;ECU;-8.5;-80.5;6
SPZn;2006;1;ECU;2.5;-100.5;4
SPZn;2006;1;HND;-8.5;-80.5;3
SPZn;2006;1;Other;-14.5;-79.5;1
SPZn;2006;1;Other;-9.5;-84.5;49
SPZn;2006;1;PAN;-12.5;-78.5;2
SPZn;2006;1;PAN;-6.5;-87.5;1
SPZn;2006;1;PAN;7.5;-86.5;2
SPZn;2006;1;VEN;-8.5;-80.5;4
SPZn;2006;1;VEN;6.5;-88.5;20
SPZn;2006;2;ECU;-17.5;-80.5;2
SPZn;2006;2;ECU;-15.5;-80.5;9
SPZn;2006;2;ECU;-15.5;-77.5;1
SPZn;2006;2;ECU;-14.5;-81.5;3
SPZn;2006;2;ECU;-14.5;-78.5;1
SPZn;2006;2;ECU;-13.5;-82.5;4
SPZn;2006;2;ECU;-6.5;-81.5;1
SPZn;2006;2;ECU;-0.5;-94.5;1
SPZn;2006;2;ECU;0.5;-94.5;1
SPZn;2006;2;ECU;8.5;-112.5;1
SPZn;2006;2;HND;-6.5;-81.5;1
SPZn;2006;2;MEX;16.5;-110.5;1
SPZn;2006;2;MEX;23.5;-111.5;1
SPZn;2006;2;Other;-15.5;-79.5;6
SPZn;2006;2;Other;-14.5;-82.5;4
SPZn;2006;2;Other;-14.5;-79.5;7
SPZn;2006;2;Other;-7.5;-90.5;1
SPZn;2006;2;Other;-5.5;-94.5;1
SPZn;2006;2;Other;-2.5;-105.5;1
SPZn;2006;2;PAN;-15.5;-83.5;1
SPZn;2006;2;PAN;-6.5;-82.5;1
SPZn;2006;2;PAN;4.5;-127.5;1
SPZn;2006;2;VEN;-11.5;-80.5;1
SPZn;2006;2;VEN;-9.5;-83.5;10
SPZn;2006;2;VEN;-6.5;-82.5;1
SPZn;2006;3;ECU;-16.5;-80.5;2
SPZn;2006;3;ECU;-16.5;-77.5;3
SPZn;2006;3;ECU;-14.5;-83.5;4
SPZn;2006;3;ECU;-14.5;-82.5;2
SPZn;2006;3;ECU;-14.5;-81.5;2
SPZn;2006;3;ECU;-13.5;-91.5;2
SPZn;2006;3;ECU;-13.5;-82.5;41
SPZn;2006;3;ECU;-12.5;-81.5;8
SPZn;2006;3;ECU;-10.5;-83.5;1
SPZn;2006;3;ESP;2.5;-111.5;1
SPZn;2006;3;MEX;15.5;-95.5;1
SPZn;2006;3;PAN;-14.5;-81.5;7
SPZn;2006;3;PAN;-1.5;-114.5;1
SPZn;2006;3;PAN;8.5;-94.5;1
SPZn;2006;3;VEN;-16.5;-80.5;16
SPZn;2006;3;VEN;-16.5;-78.5;2
SPZn;2006;3;VEN;-15.5;-82.5;2
SPZn;2006;3;VEN;-15.5;-80.5;27
SPZn;2006;4;ECU;-12.5;-80.5;1
SPZn;2006;4;ECU;-10.5;-84.5;12
SPZn;2006;4;ECU;-6.5;-87.5;1
SPZn;2006;4;MEX;15.5;-95.5;1
SPZn;2006;4;Other;-11.5;-79.5;67
SPZn;2006;4;PAN;-11.5;-79.5;4
SPZn;2006;4;PAN;-8.5;-88.5;2
SPZn;2006;5;ECU;-12.5;-94.5;1
SPZn;2006;5;ECU;-8.5;-89.5;5
SPZn;2006;5;ECU;-8.5;-88.5;6
SPZn;2006;5;ECU;-7.5;-89.5;1
SPZn;2006;5;ECU;-7.5;-87.5;3
SPZn;2006;5;ECU;-7.5;-81.5;1
SPZn;2006;5;ECU;-6.5;-89.5;5
SPZn;2006;5;ECU;-2.5;-112.5;10
SPZn;2006;5;Other;-6.5;-90.5;1
SPZn;2006;5;Other;-6.5;-89.5;4
SPZn;2006;5;Other;-5.5;-90.5;4
SPZn;2006;5;Other;-5.5;-89.5;4
SPZn;2006;5;Other;-5.5;-88.5;1
SPZn;2006;5;Other;-3.5;-89.5;2
SPZn;2006;5;PAN;-8.5;-80.5;1
SPZn;2006;5;VEN;6.5;-90.5;1
SPZn;2006;6;ECU;-7.5;-89.5;1
SPZn;2006;6;ECU;-4.5;-96.5;6
SPZn;2006;6;ECU;-3.5;-91.5;7
SPZn;2006;6;MEX;22.5;-109.5;1
SPZn;2006;6;PAN;-6.5;-89.5;1
SPZn;2006;7;ECU;-3.5;-90.5;1
SPZn;2006;7;ECU;4.5;-130.5;1
SPZn;2006;7;HND;-2.5;-94.5;1
SPZn;2006;7;MEX;22.5;-115.5;1
SPZn;2006;7;PAN;6.5;-146.5;2
SPZn;2006;8;ESP;-2.5;-128.5;1
SPZn;2006;8;ESP;-0.5;-124.5;7
SPZn;2006;8;MEX;9.5;-134.5;1
SPZn;2006;8;MEX;19.5;-110.5;1
SPZn;2006;8;MEX;27.5;-116.5;1
SPZn;2006;8;PAN;5.5;-127.5;2
SPZn;2006;8;PAN;5.5;-119.5;1
SPZn;2006;9;ECU;-7.5;-113.5;3
SPZn;2006;9;ECU;4.5;-99.5;1
SPZn;2006;9;MEX;27.5;-115.5;1
SPZn;2006;9;PAN;-3.5;-103.5;2
SPZn;2006;9;VEN;-2.5;-104.5;4
SPZn;2006;10;ECU;-6.5;-103.5;1
SPZn;2006;10;ECU;-4.5;-99.5;2
SPZn;2006;10;ECU;-3.5;-111.5;1
SPZn;2006;10;ECU;1.5;-93.5;11
SPZn;2006;10;ECU;1.5;-88.5;1
SPZn;2006;10;ECU;3.5;-90.5;2
SPZn;2006;10;ECU;3.5;-87.5;1
SPZn;2006;10;MEX;26.5;-113.5;1
SPZn;2006;10;Other;-2.5;-100.5;3
SPZn;2006;10;Other;7.5;-90.5;1
SPZn;2006;10;VEN;6.5;-94.5;1
SPZn;2006;10;VEN;7.5;-100.5;1
SPZn;2006;11;ECU;-2.5;-90.5;1
SPZn;2006;11;ECU;2.5;-101.5;1
SPZn;2006;11;ECU;2.5;-85.5;16
SPZn;2006;11;ECU;2.5;-84.5;1
SPZn;2006;11;ECU;3.5;-84.5;2
SPZn;2006;11;Other;-4.5;-93.5;1
SPZn;2006;11;PAN;5.5;-88.5;1
SPZn;2006;11;PAN;6.5;-88.5;1
SPZn;2006;11;PAN;7.5;-89.5;1
SPZn;2006;11;VEN;-4.5;-101.5;2
SPZn;2006;12;ECU;-2.5;-108.5;5
SPZn;2006;12;ECU;1.5;-92.5;1
SPZn;2006;12;ECU;2.5;-94.5;1
SPZn;2006;12;ECU;2.5;-84.5;2
SPZn;2006;12;ECU;2.5;-83.5;16
SPZn;2006;12;ECU;3.5;-96.5;3
SPZn;2006;12;ECU;4.5;-88.5;1
SPZn;2006;12;NIC;3.5;-84.5;1
SPZn;2007;1;ECU;3.5;-96.5;1
SPZn;2007;1;MEX;7.5;-90.5;1
SPZn;2007;1;VEN;-7.5;-82.5;1
SPZn;2007;2;ECU;-16.5;-79.5;1
SPZn;2007;2;ECU;-15.5;-80.5;22
SPZn;2007;2;Other;-17.5;-75.5;4
SPZn;2007;2;Other;-8.5;-86.5;1
SPZn;2007;2;Other;-7.5;-85.5;1
SPZn;2007;2;Other;-6.5;-86.5;1
SPZn;2007;2;PAN;-16.5;-78.5;1
SPZn;2007;2;PAN;-15.5;-80.5;4
SPZn;2007;2;PAN;-14.5;-80.5;3
SPZn;2007;2;PAN;-11.5;-79.5;1
SPZn;2007;2;VEN;-15.5;-79.5;39
SPZn;2007;2;VEN;-14.5;-80.5;30
SPZn;2007;2;VEN;-14.5;-79.5;28
SPZn;2007;3;ECU;-16.5;-80.5;20
SPZn;2007;3;ECU;-13.5;-86.5;5
SPZn;2007;3;ECU;-10.5;-82.5;2
SPZn;2007;3;ECU;-4.5;-135.5;1
SPZn;2007;3;MEX;-16.5;-80.5;6
SPZn;2007;3;Other;-17.5;-73.5;11
SPZn;2007;3;Other;-15.5;-77.5;3
SPZn;2007;3;Other;-14.5;-83.5;26
SPZn;2007;3;PAN;-10.5;-79.5;1
SPZn;2007;3;VEN;-17.5;-74.5;3
SPZn;2007;3;VEN;-11.5;-79.5;2
SPZn;2007;4;ECU;-3.5;-87.5;3
SPZn;2007;4;PAN;-10.5;-79.5;1
SPZn;2007;4;PAN;-9.5;-79.5;2
SPZn;2007;4;VEN;-9.5;-79.5;3
SPZn;2007;5;ECU;-6.5;-117.5;1
SPZn;2007;5;ECU;-4.5;-92.5;3
SPZn;2007;5;ECU;-4.5;-91.5;6
SPZn;2007;5;MEX;24.5;-108.5;1
SPZn;2007;5;PAN;-1.5;-131.5;2
SPZn;2007;6;ECU;-5.5;-104.5;2
SPZn;2007;6;ECU;-4.5;-91.5;10
SPZn;2007;6;ECU;-4.5;-90.5;1
SPZn;2007;6;ECU;3.5;-104.5;1
SPZn;2007;6;MEX;18.5;-114.5;4
SPZn;2007;6;MEX;25.5;-112.5;1
SPZn;2007;6;PAN;3.5;-81.5;5
SPZn;2007;7;ECU;-5.5;-92.5;3
SPZn;2007;7;ECU;4.5;-104.5;1
SPZn;2007;7;MEX;20.5;-113.5;1
SPZn;2007;7;MEX;21.5;-113.5;5
SPZn;2007;7;MEX;22.5;-113.5;3
SPZn;2007;7;MEX;23.5;-113.5;1
SPZn;2007;7;MEX;24.5;-112.5;2
SPZn;2007;7;MEX;25.5;-113.5;8
SPZn;2007;7;MEX;25.5;-112.5;5
SPZn;2007;7;MEX;26.5;-113.5;3
SPZn;2007;7;MEX;28.5;-115.5;1
SPZn;2007;7;Other;-4.5;-103.5;1
SPZn;2007;7;PAN;6.5;-95.5;1
SPZn;2007;7;VEN;-10.5;-113.5;1
SPZn;2007;7;VEN;8.5;-128.5;1
SPZn;2007;8;VEN;5.5;-92.5;1
SPZn;2007;9;ECU;1.5;-83.5;1
SPZn;2007;9;ECU;2.5;-93.5;4
SPZn;2007;9;ECU;6.5;-108.5;1
SPZn;2007;9;MEX;25.5;-112.5;2
SPZn;2007;9;PAN;-5.5;-123.5;5
SPZn;2007;9;VEN;5.5;-88.5;1
SPZn;2007;10;ECU;-3.5;-81.5;1
SPZn;2007;10;ECU;1.5;-102.5;1
SPZn;2007;10;ECU;5.5;-107.5;3
SPZn;2007;10;ECU;6.5;-108.5;5
SPZn;2007;10;ECU;6.5;-107.5;6
SPZn;2007;10;ECU;6.5;-106.5;5
SPZn;2007;10;Other;-5.5;-119.5;1
SPZn;2007;11;ECU;2.5;-99.5;3
SPZn;2007;11;ECU;3.5;-93.5;1
SPZn;2007;11;MEX;22.5;-108.5;1
SPZn;2007;11;Other;3.5;-101.5;3
SPZn;2007;11;PAN;2.5;-85.5;1
SPZn;2007;11;PAN;2.5;-84.5;1
SPZn;2007;11;VEN;2.5;-101.5;2
SPZn;2007;11;VEN;6.5;-90.5;2
SPZn;2008;1;PAN;4.5;-86.5;1
SPZn;2008;1;PAN;5.5;-88.5;1
SPZn;2008;2;Other;-14.5;-80.5;3
SPZn;2008;2;PAN;-9.5;-88.5;1
SPZn;2008;2;PAN;-9.5;-83.5;12
SPZn;2008;2;VEN;-13.5;-80.5;6
SPZn;2008;2;VEN;-12.5;-80.5;15
SPZn;2008;3;ECU;-12.5;-82.5;3
SPZn;2008;3;ECU;-11.5;-85.5;12
SPZn;2008;3;ECU;-8.5;-82.5;1
SPZn;2008;3;ECU;0.5;-94.5;1
SPZn;2008;3;NIC;-1.5;-99.5;2
SPZn;2008;3;Other;-14.5;-81.5;3
SPZn;2008;3;Other;0.5;-92.5;1
SPZn;2008;3;Other;0.5;-88.5;1
SPZn;2008;3;PAN;-13.5;-80.5;4
SPZn;2008;3;PAN;-11.5;-83.5;2
SPZn;2008;3;PAN;-10.5;-83.5;5
SPZn;2008;3;PAN;0.5;-94.5;1
SPZn;2008;3;PAN;4.5;-85.5;2
SPZn;2008;3;VEN;-15.5;-79.5;13
SPZn;2008;4;ECU;-14.5;-86.5;2
SPZn;2008;4;ECU;-14.5;-84.5;1
SPZn;2008;4;ECU;-13.5;-89.5;16
SPZn;2008;4;ECU;-13.5;-83.5;1
SPZn;2008;4;ECU;-10.5;-84.5;1
SPZn;2008;4;ECU;-1.5;-98.5;3
SPZn;2008;4;Other;-8.5;-84.5;3
SPZn;2008;4;Other;0.5;-95.5;2
SPZn;2008;4;PAN;-13.5;-79.5;1
SPZn;2008;4;PAN;-12.5;-79.5;3
SPZn;2008;4;PAN;-8.5;-83.5;4
SPZn;2008;4;PAN;-8.5;-82.5;4
SPZn;2008;4;VEN;-17.5;-72.5;1
SPZn;2008;4;VEN;-14.5;-80.5;28
SPZn;2008;4;VEN;-13.5;-81.5;15
SPZn;2008;4;VEN;-7.5;-82.5;10
SPZn;2008;5;ECU;-9.5;-114.5;1
SPZn;2008;5;ECU;2.5;-99.5;3
SPZn;2008;5;ECU;2.5;-94.5;2
SPZn;2008;5;ECU;3.5;-95.5;1
SPZn;2008;5;PAN;4.5;-102.5;1
SPZn;2008;6;ECU;-7.5;-88.5;1
SPZn;2008;6;ECU;-5.5;-93.5;1
SPZn;2008;6;ECU;-2.5;-88.5;3
SPZn;2008;6;Other;-4.5;-92.5;1
SPZn;2008;6;Other;5.5;-89.5;1
SPZn;2008;7;ECU;2.5;-88.5;1
SPZn;2008;7;PAN;8.5;-84.5;1
SPZn;2008;7;PAN;11.5;-87.5;1
SPZn;2008;8;Other;-6.5;-131.5;3
SPZn;2008;8;Other;-5.5;-143.5;1
SPZn;2008;8;Other;-1.5;-143.5;1
SPZn;2008;8;VEN;11.5;-126.5;4
SPZn;2008;9;ECU;2.5;-98.5;2
SPZn;2008;9;ESP;5.5;-115.5;2
SPZn;2008;9;MEX;27.5;-114.5;1
SPZn;2008;9;NIC;10.5;-130.5;1
SPZn;2008;9;PAN;-3.5;-118.5;12
SPZn;2008;10;ECU;-4.5;-117.5;1
SPZn;2008;10;ECU;3.5;-99.5;3
SPZn;2008;10;MEX;14.5;-119.5;1
SPZn;2008;10;Other;-2.5;-109.5;1
SPZn;2008;10;PAN;-9.5;-120.5;1
SPZn;2008;10;PAN;2.5;-82.5;1
SPZn;2008;11;MEX;24.5;-111.5;1
SPZn;2008;11;MEX;26.5;-110.5;2
SPZn;2008;11;Other;1.5;-111.5;2
SPZn;2008;11;PAN;-6.5;-122.5;1
SPZn;2008;11;PAN;5.5;-82.5;1
SPZn;2008;12;ECU;-2.5;-120.5;1
SPZn;2008;12;VEN;-5.5;-84.5;1
SPZn;2008;12;VEN;-5.5;-83.5;1
SPZn;2009;1;ECU;-2.5;-111.5;1
SPZn;2009;1;ECU;3.5;-97.5;1
SPZn;2009;1;MEX;5.5;-147.5;1
SPZn;2009;1;VEN;-11.5;-86.5;1
SPZn;2009;2;ECU;-12.5;-79.5;7
SPZn;2009;2;VEN;-16.5;-80.5;1
SPZn;2009;2;VEN;5.5;-84.5;1
SPZn;2009;3;ECU;-15.5;-80.5;4
SPZn;2009;3;ECU;-13.5;-80.5;9
SPZn;2009;3;Other;-14.5;-81.5;26
SPZn;2009;3;Other;-14.5;-80.5;15
SPZn;2009;3;Other;-13.5;-81.5;33
SPZn;2009;3;Other;-12.5;-86.5;4
SPZn;2009;3;Other;-1.5;-99.5;1
SPZn;2009;3;PAN;-12.5;-87.5;4
SPZn;2009;3;VEN;-15.5;-75.5;5
SPZn;2009;4;NIC;-15.5;-85.5;9
SPZn;2009;4;NIC;-13.5;-89.5;3
SPZn;2009;4;PAN;-6.5;-128.5;1
SPZn;2009;4;VEN;-18.5;-74.5;2
SPZn;2009;5;ECU;-5.5;-88.5;4
SPZn;2009;5;ECU;-4.5;-89.5;1
SPZn;2009;5;ECU;12.5;-129.5;1
SPZn;2009;5;MEX;27.5;-111.5;2
SPZn;2009;5;PAN;-5.5;-89.5;23
SPZn;2009;5;PAN;6.5;-77.5;1
SPZn;2009;6;ECU;-5.5;-89.5;5
SPZn;2009;6;ECU;-5.5;-88.5;1
SPZn;2009;6;ECU;-3.5;-90.5;4
SPZn;2009;6;ECU;-1.5;-126.5;2
SPZn;2009;6;ECU;0.5;-92.5;3
SPZn;2009;6;ECU;1.5;-116.5;1
SPZn;2009;6;MEX;-2.5;-120.5;1
SPZn;2009;6;MEX;16.5;-100.5;1
SPZn;2009;6;PAN;-0.5;-135.5;5
SPZn;2009;6;PAN;2.5;-138.5;1
SPZn;2009;7;ECU;-3.5;-109.5;1
SPZn;2009;7;ECU;3.5;-124.5;3
SPZn;2009;7;PAN;0.5;-121.5;1
SPZn;2009;8;ECU;1.5;-81.5;5
SPZn;2009;8;ESP;-1.5;-137.5;2
SPZn;2009;8;ESP;-1.5;-136.5;2
SPZn;2009;8;MEX;9.5;-140.5;1
SPZn;2009;10;ECU;-4.5;-118.5;5
SPZn;2009;10;ECU;-1.5;-111.5;1
SPZn;2009;10;ECU;4.5;-92.5;1
SPZn;2009;10;ESP;-1.5;-124.5;1
SPZn;2009;10;MEX;19.5;-118.5;1
SPZn;2009;10;Other;-3.5;-120.5;2
SPZn;2009;10;Other;4.5;-120.5;1
SPZn;2009;10;VEN;3.5;-115.5;1
SPZn;2009;11;ECU;-2.5;-109.5;1
SPZn;2009;11;ECU;-2.5;-101.5;1
SPZn;2009;11;MEX;16.5;-117.5;1
SPZn;2009;11;MEX;22.5;-107.5;1
SPZn;2009;11;Other;0.5;-87.5;12
SPZn;2009;11;VEN;-3.5;-108.5;1
SPZn;2009;11;VEN;-2.5;-110.5;2
SPZn;2009;11;VEN;1.5;-101.5;1
SPZn;2009;11;VEN;1.5;-96.5;1
SPZn;2009;12;ECU;1.5;-87.5;78
SPZn;2009;12;ECU;1.5;-86.5;2
SPZn;2009;12;ECU;2.5;-86.5;1
SPZn;2009;12;ECU;4.5;-90.5;4
SPZn;2009;12;Other;0.5;-87.5;2
SPZn;2009;12;PAN;3.5;-83.5;1
SPZn;2010;1;PAN;6.5;-93.5;1
SPZn;2010;1;VEN;-12.5;-80.5;2
SPZn;2010;2;ECU;-12.5;-85.5;3
SPZn;2010;2;ECU;-12.5;-83.5;1
SPZn;2010;2;ECU;-12.5;-82.5;48
SPZn;2010;2;ECU;-12.5;-81.5;4
SPZn;2010;2;ECU;-11.5;-83.5;28
SPZn;2010;2;ECU;-10.5;-82.5;1
SPZn;2010;2;MEX;10.5;-95.5;1
SPZn;2010;2;NIC;10.5;-97.5;1
SPZn;2010;2;Other;-12.5;-83.5;2
SPZn;2010;2;Other;-11.5;-82.5;12
SPZn;2010;2;PAN;-13.5;-83.5;12
SPZn;2010;2;VEN;-14.5;-80.5;8
SPZn;2010;2;VEN;-12.5;-84.5;7
SPZn;2010;3;ECU;-16.5;-80.5;1
SPZn;2010;3;ECU;-14.5;-78.5;20
SPZn;2010;3;ECU;-13.5;-80.5;8
SPZn;2010;3;ECU;-12.5;-86.5;13
SPZn;2010;3;ECU;-12.5;-85.5;50
SPZn;2010;3;ECU;-12.5;-80.5;1
SPZn;2010;3;ECU;-10.5;-84.5;1
SPZn;2010;3;ECU;-1.5;-105.5;1
SPZn;2010;3;MEX;-2.5;-106.5;4
SPZn;2010;3;PAN;-12.5;-85.5;2
SPZn;2010;3;PAN;-9.5;-87.5;19
SPZn;2010;3;VEN;-12.5;-82.5;2
SPZn;2010;4;COL;-10.5;-86.5;1
SPZn;2010;4;COL;-10.5;-83.5;1
SPZn;2010;4;COL;-8.5;-85.5;2
SPZn;2010;4;ECU;-12.5;-86.5;12
SPZn;2010;4;ECU;-9.5;-85.5;7
SPZn;2010;4;MEX;16.5;-109.5;1
SPZn;2010;4;NIC;-14.5;-79.5;1
SPZn;2010;4;NIC;-9.5;-84.5;1
SPZn;2010;4;NIC;-5.5;-88.5;1
SPZn;2010;4;Other;-14.5;-85.5;16
SPZn;2010;4;Other;-13.5;-82.5;6
SPZn;2010;4;Other;-12.5;-84.5;5
SPZn;2010;4;Other;-11.5;-86.5;2
SPZn;2010;4;Other;-9.5;-86.5;1
SPZn;2010;4;Other;-9.5;-84.5;2
SPZn;2010;4;Other;-8.5;-85.5;2
SPZn;2010;5;ECU;-9.5;-87.5;21
SPZn;2010;5;ECU;-7.5;-86.5;1
SPZn;2010;5;ECU;-7.5;-85.5;1
SPZn;2010;5;ECU;-6.5;-88.5;2
SPZn;2010;5;ECU;-5.5;-88.5;4
SPZn;2010;5;ECU;3.5;-99.5;9
SPZn;2010;5;PAN;6.5;-100.5;1
SPZn;2010;5;VEN;7.5;-111.5;2
SPZn;2010;6;ECU;-5.5;-129.5;1
SPZn;2010;6;ECU;3.5;-97.5;1
SPZn;2010;6;ECU;4.5;-106.5;1
SPZn;2010;6;ECU;4.5;-105.5;1
SPZn;2010;6;ECU;5.5;-106.5;2
SPZn;2010;6;MEX;18.5;-115.5;1
SPZn;2010;6;MEX;19.5;-109.5;1
SPZn;2010;6;MEX;20.5;-112.5;1
SPZn;2010;6;MEX;20.5;-108.5;2
SPZn;2010;7;ESP;-2.5;-144.5;2
SPZn;2010;7;MEX;22.5;-111.5;1
SPZn;2010;7;MEX;23.5;-111.5;1
SPZn;2010;7;NIC;-6.5;-136.5;1
SPZn;2010;8;ECU;6.5;-135.5;1
SPZn;2010;8;MEX;25.5;-113.5;6
SPZn;2010;8;MEX;28.5;-114.5;1
SPZn;2010;9;ECU;2.5;-85.5;5
SPZn;2010;9;ECU;3.5;-100.5;1
SPZn;2010;9;ESP;-2.5;-145.5;1
SPZn;2010;9;MEX;12.5;-119.5;1
SPZn;2010;9;MEX;17.5;-114.5;1
SPZn;2010;9;MEX;28.5;-115.5;1
SPZn;2010;10;MEX;24.5;-109.5;1
SPZn;2010;10;Other;4.5;-115.5;1
SPZn;2010;11;ECU;-5.5;-121.5;6
SPZn;2010;11;ECU;-3.5;-127.5;11
SPZn;2010;11;ECU;1.5;-90.5;1
SPZn;2010;11;ECU;1.5;-89.5;1
SPZn;2010;11;MEX;10.5;-101.5;1
SPZn;2010;11;MEX;11.5;-102.5;1
SPZn;2010;11;MEX;22.5;-106.5;1
SPZn;2010;11;MEX;25.5;-109.5;2
SPZn;2010;11;VEN;-3.5;-127.5;1
SPZn;2010;11;VEN;2.5;-85.5;1
SPZn;2011;1;ECU;8.5;-99.5;1
SPZn;2011;1;MEX;21.5;-110.5;1
SPZn;2011;2;ECU;-17.5;-84.5;22
SPZn;2011;2;ECU;-16.5;-78.5;6
SPZn;2011;2;ECU;-15.5;-79.5;3
SPZn;2011;2;ECU;-6.5;-82.5;5
SPZn;2011;2;ECU;1.5;-86.5;1
SPZn;2011;2;MEX;9.5;-106.5;1
SPZn;2011;2;MEX;9.5;-97.5;1
SPZn;2011;2;MEX;10.5;-108.5;2
SPZn;2011;2;Other;-16.5;-78.5;7
SPZn;2011;2;Other;-15.5;-84.5;57
SPZn;2011;2;Other;-15.5;-78.5;9
SPZn;2011;2;PAN;-15.5;-78.5;58
SPZn;2011;2;VEN;-15.5;-81.5;5
SPZn;2011;2;VEN;-15.5;-80.5;2
SPZn;2011;2;VEN;-14.5;-80.5;32
SPZn;2011;2;VEN;-10.5;-86.5;1
SPZn;2011;2;VEN;4.5;-87.5;4
SPZn;2011;3;ECU;-17.5;-76.5;1
SPZn;2011;3;ECU;-16.5;-86.5;1
SPZn;2011;3;ECU;-16.5;-83.5;2
SPZn;2011;3;ECU;-16.5;-76.5;9
SPZn;2011;3;ECU;-15.5;-84.5;2
SPZn;2011;3;ECU;-15.5;-83.5;16
SPZn;2011;3;ECU;-15.5;-81.5;2
SPZn;2011;3;ECU;-15.5;-79.5;1
SPZn;2011;3;ECU;-15.5;-78.5;2
SPZn;2011;3;ECU;-14.5;-82.5;3
SPZn;2011;3;ECU;-14.5;-81.5;77
SPZn;2011;3;ECU;-14.5;-80.5;3
SPZn;2011;3;ECU;-13.5;-87.5;4
SPZn;2011;3;ECU;-13.5;-85.5;3
SPZn;2011;3;ECU;-13.5;-81.5;8
SPZn;2011;3;ECU;-13.5;-80.5;2
SPZn;2011;3;ECU;-12.5;-81.5;4
SPZn;2011;3;ECU;-12.5;-80.5;1
SPZn;2011;3;ECU;-8.5;-82.5;1
SPZn;2011;3;ECU;-0.5;-94.5;1
SPZn;2011;3;MEX;15.5;-105.5;1
SPZn;2011;3;MEX;17.5;-109.5;2
SPZn;2011;3;Other;-17.5;-85.5;33
SPZn;2011;3;Other;-17.5;-76.5;12
SPZn;2011;3;Other;-16.5;-85.5;12
SPZn;2011;3;Other;-16.5;-81.5;43
SPZn;2011;3;Other;-16.5;-78.5;11
SPZn;2011;3;Other;-15.5;-83.5;9
SPZn;2011;3;Other;-14.5;-83.5;3
SPZn;2011;3;Other;-12.5;-81.5;1
SPZn;2011;3;VEN;-17.5;-78.5;1
SPZn;2011;3;VEN;-16.5;-82.5;12
SPZn;2011;3;VEN;-16.5;-81.5;1
SPZn;2011;3;VEN;-16.5;-77.5;5
SPZn;2011;3;VEN;-15.5;-81.5;2
SPZn;2011;3;VEN;-15.5;-80.5;3
SPZn;2011;3;VEN;-9.5;-83.5;1
SPZn;2011;4;COL;-9.5;-86.5;4
SPZn;2011;4;ECU;-18.5;-73.5;16
SPZn;2011;4;ECU;-13.5;-83.5;1
SPZn;2011;4;ECU;-12.5;-83.5;2
SPZn;2011;4;ECU;-11.5;-84.5;4
SPZn;2011;4;ECU;-10.5;-86.5;3
SPZn;2011;4;ECU;-9.5;-82.5;3
SPZn;2011;4;ECU;-1.5;-100.5;1
SPZn;2011;4;ECU;6.5;-113.5;1
SPZn;2011;4;MEX;24.5;-108.5;1
SPZn;2011;4;Other;-12.5;-83.5;5
SPZn;2011;4;PAN;-7.5;-86.5;3
SPZn;2011;4;PAN;-6.5;-89.5;1
SPZn;2011;4;VEN;-7.5;-84.5;9
SPZn;2011;5;COL;-9.5;-87.5;3
SPZn;2011;5;ECU;-9.5;-86.5;11
SPZn;2011;5;ECU;-9.5;-85.5;9
SPZn;2011;5;ECU;-8.5;-90.5;1
SPZn;2011;5;ECU;-8.5;-87.5;1
SPZn;2011;5;ECU;-8.5;-86.5;3
SPZn;2011;5;ECU;-7.5;-89.5;2
SPZn;2011;5;MEX;17.5;-105.5;1
SPZn;2011;5;Other;-11.5;-88.5;2
SPZn;2011;6;COL;-6.5;-91.5;1
SPZn;2011;6;ECU;-2.5;-93.5;1
SPZn;2011;6;ECU;5.5;-111.5;1
SPZn;2011;6;ECU;5.5;-110.5;1
SPZn;2011;6;MEX;10.5;-127.5;1
SPZn;2011;6;MEX;12.5;-116.5;1
SPZn;2011;6;MEX;18.5;-108.5;2
SPZn;2011;6;MEX;19.5;-108.5;1
SPZn;2011;6;PAN;5.5;-105.5;1
SPZn;2011;7;ECU;-2.5;-138.5;1
SPZn;2011;7;MEX;16.5;-130.5;1
SPZn;2011;7;MEX;23.5;-111.5;1
SPZn;2011;7;Other;11.5;-130.5;1
SPZn;2011;8;MEX;18.5;-110.5;1
SPZn;2011;8;MEX;26.5;-113.5;2
SPZn;2011;9;MEX;23.5;-111.5;1
SPZn;2011;9;MEX;26.5;-113.5;7
SPZn;2011;9;MEX;28.5;-114.5;2
SPZn;2011;10;MEX;18.5;-115.5;1
SPZn;2011;10;MEX;22.5;-110.5;1
SPZn;2011;10;Other;4.5;-136.5;1
SPZn;2011;10;VEN;-3.5;-105.5;4
SPZn;2011;10;VEN;-2.5;-118.5;1
SPZn;2011;10;VEN;3.5;-110.5;2
SPZn;2011;11;MEX;8.5;-104.5;1
SPZn;2011;11;MEX;9.5;-113.5;2
SPZn;2011;11;MEX;26.5;-110.5;1
SPZn;2011;11;PAN;3.5;-93.5;1
SPZn;2011;11;VEN;3.5;-104.5;8
SPZn;2011;11;VEN;3.5;-85.5;1
SPZn;2012;1;ECU;-13.5;-98.5;4
SPZn;2012;1;PAN;-15.5;-79.5;1
SPZn;2012;1;PAN;-15.5;-78.5;1
SPZn;2012;1;VEN;-11.5;-82.5;4
SPZn;2012;2;COL;-15.5;-83.5;19
SPZn;2012;2;COL;-15.5;-81.5;21
SPZn;2012;2;COL;-14.5;-82.5;4
SPZn;2012;2;ECU;-17.5;-79.5;12
SPZn;2012;2;ECU;-16.5;-83.5;15
SPZn;2012;2;ECU;-16.5;-81.5;2
SPZn;2012;2;ECU;-16.5;-80.5;3
SPZn;2012;2;ECU;-16.5;-77.5;2
SPZn;2012;2;ECU;-15.5;-84.5;5
SPZn;2012;2;ECU;-15.5;-83.5;4
SPZn;2012;2;ECU;-14.5;-84.5;6
SPZn;2012;2;ECU;-14.5;-83.5;15
SPZn;2012;2;ECU;-14.5;-82.5;12
SPZn;2012;2;ECU;-13.5;-86.5;3
SPZn;2012;2;ECU;-12.5;-84.5;6
SPZn;2012;2;ECU;-11.5;-84.5;2
SPZn;2012;2;ECU;-7.5;-81.5;5
SPZn;2012;2;ECU;-1.5;-96.5;1
SPZn;2012;2;PAN;-11.5;-82.5;2
SPZn;2012;2;PAN;-7.5;-81.5;1
SPZn;2012;2;VEN;-15.5;-81.5;1
SPZn;2012;2;VEN;-12.5;-85.5;2
SPZn;2012;3;COL;-15.5;-82.5;9
SPZn;2012;3;COL;-14.5;-85.5;1
SPZn;2012;3;COL;-13.5;-86.5;3
SPZn;2012;3;COL;-13.5;-82.5;4
SPZn;2012;3;COL;-12.5;-83.5;1
SPZn;2012;3;ECU;-15.5;-87.5;18
SPZn;2012;3;ECU;-14.5;-88.5;4
SPZn;2012;3;ECU;-14.5;-87.5;7
SPZn;2012;3;ECU;-13.5;-92.5;5
SPZn;2012;3;ECU;-13.5;-88.5;3
SPZn;2012;3;ECU;-12.5;-85.5;3
SPZn;2012;3;ECU;-10.5;-82.5;8
SPZn;2012;3;ECU;-7.5;-80.5;1
SPZn;2012;3;MEX;17.5;-109.5;1
SPZn;2012;3;Other;-20.5;-74.5;1
SPZn;2012;3;PAN;6.5;-90.5;1
SPZn;2012;3;VEN;-14.5;-83.5;23
SPZn;2012;3;VEN;-12.5;-85.5;3
SPZn;2012;3;VEN;4.5;-85.5;1
SPZn;2012;4;ECU;-16.5;-77.5;4
SPZn;2012;4;ECU;-15.5;-83.5;12
SPZn;2012;4;ECU;-15.5;-77.5;2
SPZn;2012;4;ECU;-14.5;-89.5;19
SPZn;2012;4;ECU;-14.5;-88.5;2
SPZn;2012;4;ECU;-14.5;-85.5;2
SPZn;2012;4;ECU;-13.5;-89.5;4
SPZn;2012;4;ECU;-12.5;-90.5;1
SPZn;2012;4;ECU;-11.5;-81.5;10
SPZn;2012;4;ECU;-9.5;-80.5;1
SPZn;2012;4;ECU;-8.5;-81.5;3
SPZn;2012;4;ECU;-8.5;-80.5;1
SPZn;2012;4;ECU;-7.5;-84.5;1
SPZn;2012;4;ECU;1.5;-101.5;1
SPZn;2012;4;ECU;1.5;-94.5;5
SPZn;2012;4;MEX;5.5;-123.5;1
SPZn;2012;4;MEX;16.5;-108.5;1
SPZn;2012;4;NIC;8.5;-84.5;1
SPZn;2012;4;VEN;-15.5;-83.5;1
SPZn;2012;4;VEN;-15.5;-77.5;1
SPZn;2012;4;VEN;-14.5;-83.5;3
SPZn;2012;4;VEN;-8.5;-81.5;1
SPZn;2012;5;ECU;-12.5;-86.5;2
SPZn;2012;5;ECU;-9.5;-89.5;3
SPZn;2012;5;ECU;-8.5;-92.5;1
SPZn;2012;5;ECU;3.5;-93.5;1
SPZn;2012;6;COL;-9.5;-87.5;1
SPZn;2012;6;ECU;-6.5;-90.5;1
SPZn;2012;6;ECU;-3.5;-92.5;1
SPZn;2012;6;ECU;-1.5;-115.5;1
SPZn;2012;6;ECU;-1.5;-87.5;2
SPZn;2012;6;ECU;0.5;-133.5;1
SPZn;2012;6;ECU;0.5;-87.5;1
SPZn;2012;6;ECU;0.5;-86.5;1
SPZn;2012;7;ECU;-6.5;-93.5;1
SPZn;2012;7;ECU;-4.5;-106.5;2
SPZn;2012;7;ECU;3.5;-105.5;1
SPZn;2012;7;MEX;18.5;-113.5;1
SPZn;2012;7;MEX;23.5;-108.5;1
SPZn;2012;7;MEX;24.5;-113.5;4
SPZn;2012;8;ECU;-5.5;-104.5;3
SPZn;2012;8;MEX;24.5;-113.5;4
SPZn;2012;8;MEX;26.5;-114.5;8
SPZn;2012;8;MEX;26.5;-113.5;8
SPZn;2012;8;MEX;27.5;-114.5;1
SPZn;2012;9;MEX;24.5;-113.5;1
SPZn;2012;9;MEX;27.5;-115.5;1
SPZn;2012;9;PAN;4.5;-114.5;1
SPZn;2012;9;VEN;-0.5;-124.5;1
SPZn;2012;10;ECU;-9.5;-104.5;1
SPZn;2012;10;ECU;-4.5;-117.5;1
SPZn;2012;10;ECU;-3.5;-113.5;2
SPZn;2012;10;ECU;3.5;-110.5;1
SPZn;2012;10;MEX;7.5;-105.5;1
SPZn;2012;11;COL;-4.5;-102.5;2
SPZn;2012;11;ECU;-6.5;-130.5;1
SPZn;2012;11;ECU;-4.5;-123.5;1
SPZn;2012;11;ECU;-3.5;-130.5;1
SPZn;2012;11;ECU;-3.5;-106.5;29
SPZn;2012;11;VEN;3.5;-97.5;1
SPZn;2012;12;ECU;4.5;-98.5;1
SPZn;2012;12;PAN;0.5;-94.5;1
SPZn;2013;1;COL;-9.5;-85.5;1
SPZn;2013;1;ECU;-15.5;-80.5;10
SPZn;2013;1;ECU;-14.5;-82.5;6
SPZn;2013;1;ECU;-13.5;-82.5;5
SPZn;2013;1;ECU;0.5;-94.5;2
SPZn;2013;1;ECU;0.5;-93.5;2
SPZn;2013;1;VEN;-13.5;-81.5;1
SPZn;2013;1;VEN;5.5;-82.5;1
SPZn;2013;2;COL;-16.5;-83.5;1
SPZn;2013;2;COL;-16.5;-82.5;3
SPZn;2013;2;COL;-15.5;-84.5;2
SPZn;2013;2;COL;-15.5;-83.5;4
SPZn;2013;2;COL;-15.5;-82.5;12
SPZn;2013;2;COL;-14.5;-83.5;2
SPZn;2013;2;COL;-14.5;-82.5;1
SPZn;2013;2;COL;-13.5;-87.5;1
SPZn;2013;2;COL;-12.5;-87.5;3
SPZn;2013;2;ECU;-18.5;-77.5;1
SPZn;2013;2;ECU;-17.5;-79.5;3
SPZn;2013;2;ECU;-16.5;-80.5;10
SPZn;2013;2;ECU;-16.5;-79.5;4
SPZn;2013;2;ECU;-15.5;-83.5;27
SPZn;2013;2;ECU;-13.5;-89.5;3
SPZn;2013;2;ECU;-13.5;-88.5;2
SPZn;2013;2;ECU;-13.5;-86.5;9
SPZn;2013;2;PAN;-15.5;-79.5;1
SPZn;2013;2;PAN;-14.5;-79.5;1
SPZn;2013;2;PAN;-0.5;-94.5;1
SPZn;2013;3;COL;-13.5;-89.5;5
SPZn;2013;3;ECU;-19.5;-74.5;131
SPZn;2013;3;ECU;-18.5;-74.5;2
SPZn;2013;3;ECU;-16.5;-82.5;17
SPZn;2013;3;ECU;-16.5;-79.5;1
SPZn;2013;3;ECU;-15.5;-86.5;30
SPZn;2013;3;ECU;-15.5;-82.5;4
SPZn;2013;3;ECU;-14.5;-91.5;1
SPZn;2013;3;ECU;-14.5;-90.5;3
SPZn;2013;3;ECU;-14.5;-85.5;6
SPZn;2013;3;ECU;-14.5;-81.5;3
SPZn;2013;3;ECU;-13.5;-89.5;2
SPZn;2013;3;ECU;-13.5;-81.5;1
SPZn;2013;3;ECU;-12.5;-88.5;7
SPZn;2013;3;ECU;-12.5;-84.5;6
SPZn;2013;3;ECU;-10.5;-85.5;4
SPZn;2013;3;Other;-2.5;-145.5;1
SPZn;2013;3;PAN;-19.5;-74.5;9
SPZn;2013;3;PAN;-11.5;-88.5;12
SPZn;2013;3;PAN;0.5;-110.5;1
SPZn;2013;3;VEN;4.5;-89.5;1
SPZn;2013;4;COL;-7.5;-87.5;9
SPZn;2013;4;ECU;-16.5;-85.5;6
SPZn;2013;4;ECU;-12.5;-89.5;20
SPZn;2013;4;ECU;-11.5;-87.5;2
SPZn;2013;4;MEX;16.5;-106.5;1
SPZn;2013;4;PAN;-9.5;-89.5;4
SPZn;2013;4;PAN;-8.5;-87.5;5
SPZn;2013;4;VEN;-10.5;-84.5;31
SPZn;2013;4;VEN;-8.5;-84.5;1
SPZn;2013;4;VEN;-7.5;-86.5;2
SPZn;2013;4;VEN;3.5;-86.5;1
SPZn;2013;5;ECU;-10.5;-90.5;8
SPZn;2013;5;ECU;-8.5;-90.5;1
SPZn;2013;5;ECU;-7.5;-89.5;3
SPZn;2013;5;ECU;-7.5;-88.5;2
SPZn;2013;5;ECU;-6.5;-87.5;22
SPZn;2013;5;ECU;-4.5;-92.5;1
SPZn;2013;5;ECU;-4.5;-90.5;1
SPZn;2013;5;ECU;4.5;-103.5;1
SPZn;2013;5;MEX;19.5;-108.5;1
SPZn;2013;5;PAN;-11.5;-88.5;47
SPZn;2013;5;VEN;-8.5;-90.5;1
SPZn;2013;6;ECU;5.5;-96.5;1
SPZn;2013;6;MEX;10.5;-120.5;1
SPZn;2013;7;ECU;-9.5;-112.5;1
SPZn;2013;7;ECU;-4.5;-100.5;9
SPZn;2013;7;ECU;-1.5;-143.5;2
SPZn;2013;7;ECU;1.5;-108.5;1
SPZn;2013;7;ECU;3.5;-99.5;3
SPZn;2013;7;ECU;3.5;-97.5;2
SPZn;2013;7;ECU;4.5;-98.5;1
SPZn;2013;7;ESP;-3.5;-140.5;1
SPZn;2013;7;ESP;-0.5;-136.5;1
SPZn;2013;7;NIC;2.5;-109.5;1
SPZn;2013;7;VEN;6.5;-99.5;1
SPZn;2013;8;ECU;3.5;-103.5;7
SPZn;2013;8;ECU;3.5;-90.5;1
SPZn;2013;8;ECU;4.5;-100.5;38
SPZn;2013;8;ECU;4.5;-98.5;4
SPZn;2013;8;MEX;24.5;-113.5;11
SPZn;2013;8;NIC;4.5;-101.5;2
SPZn;2013;8;NIC;4.5;-100.5;1
SPZn;2013;9;COL;4.5;-108.5;1
SPZn;2013;9;ECU;1.5;-96.5;1
SPZn;2013;9;ECU;4.5;-122.5;1
SPZn;2013;9;MEX;10.5;-109.5;4
SPZn;2013;10;ECU;-6.5;-105.5;1
SPZn;2013;10;ECU;-5.5;-116.5;4
SPZn;2013;10;Other;-4.5;-123.5;1
SPZn;2013;10;PAN;-4.5;-137.5;1
SPZn;2013;11;COL;-3.5;-105.5;1
SPZn;2013;11;ECU;-2.5;-120.5;4
SPZn;2013;11;ECU;1.5;-86.5;1
SPZn;2013;11;ECU;2.5;-135.5;1
SPZn;2013;11;ECU;3.5;-113.5;1
SPZn;2013;12;ECU;3.5;-87.5;1
SPZn;2014;1;COL;-15.5;-80.5;1
SPZn;2014;1;COL;-14.5;-80.5;5
SPZn;2014;1;COL;-10.5;-82.5;1
SPZn;2014;1;COL;-8.5;-87.5;35
SPZn;2014;2;COL;-14.5;-81.5;1
SPZn;2014;2;COL;-11.5;-89.5;1
SPZn;2014;2;COL;-11.5;-86.5;16
SPZn;2014;2;COL;-10.5;-87.5;6
SPZn;2014;2;ECU;-16.5;-79.5;1
SPZn;2014;2;ECU;-15.5;-80.5;15
SPZn;2014;2;ECU;-15.5;-79.5;3
SPZn;2014;2;ECU;-13.5;-87.5;9
SPZn;2014;2;ECU;-13.5;-80.5;1
SPZn;2014;2;NIC;-11.5;-86.5;2
SPZn;2014;2;PAN;-20.5;-74.5;3
SPZn;2014;2;PAN;-18.5;-75.5;2
SPZn;2014;2;PAN;-17.5;-79.5;12
SPZn;2014;2;PAN;-16.5;-78.5;7
SPZn;2014;3;COL;-14.5;-82.5;4
SPZn;2014;3;COL;-14.5;-81.5;18
SPZn;2014;3;COL;-12.5;-88.5;3
SPZn;2014;3;COL;-11.5;-89.5;2
SPZn;2014;3;COL;-11.5;-88.5;18
SPZn;2014;3;COL;-10.5;-86.5;3
SPZn;2014;3;ECU;-14.5;-87.5;14
SPZn;2014;3;ECU;-14.5;-86.5;1
SPZn;2014;3;ECU;-14.5;-84.5;13
SPZn;2014;3;ECU;-13.5;-91.5;1
SPZn;2014;3;ECU;-13.5;-88.5;5
SPZn;2014;3;ECU;-13.5;-87.5;9
SPZn;2014;3;ECU;-13.5;-85.5;1
SPZn;2014;3;ECU;-12.5;-87.5;1
SPZn;2014;3;ECU;-9.5;-86.5;2
SPZn;2014;3;ECU;-0.5;-92.5;1
SPZn;2014;3;NIC;-14.5;-86.5;2
SPZn;2014;3;PAN;-12.5;-89.5;1
SPZn;2014;3;PAN;-12.5;-88.5;4
SPZn;2014;3;PAN;-11.5;-86.5;8
SPZn;2014;4;ECU;-12.5;-83.5;4
SPZn;2014;4;ECU;-10.5;-85.5;8
SPZn;2014;4;ECU;-9.5;-91.5;1
SPZn;2014;4;ECU;-1.5;-106.5;1
SPZn;2014;4;MEX;18.5;-111.5;1
SPZn;2014;4;MEX;19.5;-108.5;1
SPZn;2014;4;NIC;-14.5;-88.5;4
SPZn;2014;4;NIC;-14.5;-87.5;8
SPZn;2014;4;PAN;-8.5;-85.5;1
SPZn;2014;4;PAN;-3.5;-107.5;3
SPZn;2014;4;PAN;1.5;-95.5;2
SPZn;2014;4;VEN;5.5;-124.5;1
SPZn;2014;5;ECU;-9.5;-86.5;2
SPZn;2014;5;ECU;-8.5;-87.5;1
SPZn;2014;5;ECU;-5.5;-88.5;1
SPZn;2014;7;ECU;-8.5;-85.5;2
SPZn;2014;7;ECU;-7.5;-86.5;5
SPZn;2014;7;ECU;-5.5;-94.5;4
SPZn;2014;7;ECU;-3.5;-105.5;11
SPZn;2014;7;ECU;-3.5;-103.5;4
SPZn;2014;7;ECU;-3.5;-102.5;13
SPZn;2014;7;ECU;-3.5;-94.5;3
SPZn;2014;7;ECU;-2.5;-113.5;1
SPZn;2014;7;ECU;-2.5;-110.5;1
SPZn;2014;7;ECU;-2.5;-107.5;11
SPZn;2014;7;ECU;-2.5;-106.5;10
SPZn;2014;7;ECU;-2.5;-103.5;16
SPZn;2014;7;ECU;-1.5;-105.5;2
SPZn;2014;7;ECU;-1.5;-104.5;2
SPZn;2014;7;ECU;2.5;-95.5;2
SPZn;2014;8;ECU;-4.5;-101.5;1
SPZn;2014;8;ECU;-3.5;-105.5;1
SPZn;2014;8;ECU;-3.5;-104.5;6
SPZn;2014;8;ECU;-3.5;-102.5;1
SPZn;2014;8;ECU;-2.5;-114.5;2
SPZn;2014;8;ECU;-2.5;-108.5;3
SPZn;2014;8;ECU;4.5;-114.5;1
SPZn;2014;8;ESP;-2.5;-145.5;1
SPZn;2014;8;PAN;2.5;-146.5;1
SPZn;2014;8;VEN;2.5;-100.5;1
SPZn;2014;9;ECU;-3.5;-130.5;1
SPZn;2014;9;ECU;2.5;-82.5;1
SPZn;2014;9;PAN;-4.5;-108.5;2
SPZn;2014;9;PAN;-2.5;-129.5;1
SPZn;2014;9;PAN;2.5;-84.5;9
SPZn;2014;10;COL;-3.5;-105.5;1
SPZn;2014;10;ECU;1.5;-93.5;3
SPZn;2014;10;ECU;3.5;-90.5;2
SPZn;2014;10;NIC;4.5;-100.5;3
SPZn;2014;11;COL;3.5;-104.5;1
SPZn;2014;11;ECU;-5.5;-109.5;1
SPZn;2014;11;ECU;-3.5;-106.5;2
SPZn;2014;11;ECU;1.5;-96.5;4
SPZn;2014;11;ECU;1.5;-82.5;2
SPZn;2014;11;ECU;2.5;-88.5;8
SPZn;2014;11;PAN;2.5;-85.5;3
SPZn;2014;11;VEN;-3.5;-103.5;1
SPZn;2014;12;ECU;-4.5;-92.5;1
SPZn;2015;1;COL;-8.5;-86.5;1
SPZn;2015;1;ECU;-6.5;-109.5;1
SPZn;2015;1;ECU;2.5;-102.5;1
SPZn;2015;1;Other;-6.5;-146.5;1
SPZn;2015;1;PAN;-13.5;-86.5;3
SPZn;2015;1;PAN;-12.5;-86.5;2
SPZn;2015;1;PER;-6.5;-81.5;2
SPZn;2015;2;COL;-16.5;-79.5;1
SPZn;2015;2;ECU;-16.5;-85.5;14
SPZn;2015;2;ECU;-16.5;-78.5;9
SPZn;2015;2;ECU;-15.5;-85.5;2
SPZn;2015;2;ECU;-15.5;-82.5;43
SPZn;2015;2;ECU;-15.5;-80.5;2
SPZn;2015;2;ECU;-14.5;-85.5;8
SPZn;2015;2;ECU;-13.5;-84.5;1
SPZn;2015;2;ECU;-12.5;-84.5;7
SPZn;2015;2;ECU;-11.5;-87.5;2
SPZn;2015;2;ECU;-11.5;-85.5;16
SPZn;2015;2;ECU;-10.5;-84.5;2
SPZn;2015;2;ECU;3.5;-117.5;1
SPZn;2015;2;MEX;23.5;-111.5;1
SPZn;2015;2;MEX;23.5;-107.5;1
SPZn;2015;2;PER;-4.5;-81.5;1
SPZn;2015;3;ECU;-17.5;-75.5;1
SPZn;2015;3;ECU;-17.5;-74.5;2
SPZn;2015;3;ECU;-16.5;-81.5;10
SPZn;2015;3;ECU;-15.5;-87.5;9
SPZn;2015;3;ECU;-9.5;-80.5;2
SPZn;2015;3;ECU;-3.5;-102.5;1
SPZn;2015;3;ECU;-0.5;-92.5;2
SPZn;2015;3;NIC;2.5;-112.5;2
SPZn;2015;3;NIC;6.5;-99.5;2
SPZn;2015;3;PAN;-16.5;-83.5;23
SPZn;2015;3;PAN;-16.5;-82.5;7
SPZn;2015;3;PAN;-14.5;-82.5;3
SPZn;2015;3;PAN;-13.5;-88.5;1
SPZn;2015;4;COL;5.5;-103.5;1
SPZn;2015;4;ECU;-18.5;-74.5;1
SPZn;2015;4;ECU;-18.5;-73.5;1
SPZn;2015;4;ECU;-15.5;-77.5;2
SPZn;2015;4;ECU;-13.5;-89.5;3
SPZn;2015;4;ECU;-11.5;-83.5;5
SPZn;2015;4;ECU;-11.5;-82.5;1
SPZn;2015;4;ECU;-10.5;-88.5;1
SPZn;2015;4;ECU;-8.5;-83.5;1
SPZn;2015;4;NIC;2.5;-97.5;1
SPZn;2015;4;NIC;3.5;-108.5;1
SPZn;2015;4;NIC;4.5;-107.5;1
SPZn;2015;5;ECU;-15.5;-75.5;1
SPZn;2015;5;ECU;-14.5;-91.5;1
SPZn;2015;5;ECU;-12.5;-92.5;1
SPZn;2015;5;ECU;-12.5;-90.5;1
SPZn;2015;5;ECU;-11.5;-90.5;1
SPZn;2015;5;ECU;-2.5;-94.5;1
SPZn;2015;5;ECU;-2.5;-93.5;1
SPZn;2015;5;NIC;-9.5;-106.5;1
SPZn;2015;5;NIC;-9.5;-105.5;9
SPZn;2015;5;PAN;-12.5;-95.5;3
SPZn;2015;5;PAN;-2.5;-108.5;1
SPZn;2015;5;VEN;8.5;-90.5;1
SPZn;2015;6;ECU;-10.5;-91.5;1
SPZn;2015;6;ECU;-9.5;-82.5;1
SPZn;2015;6;ECU;-5.5;-87.5;3
SPZn;2015;6;PAN;-10.5;-108.5;1
SPZn;2015;6;PAN;-4.5;-105.5;1
SPZn;2015;6;PAN;-0.5;-92.5;1
SPZn;2015;7;ECU;-4.5;-98.5;2
SPZn;2015;7;ECU;-3.5;-102.5;1
SPZn;2015;7;ECU;-1.5;-100.5;1
SPZn;2015;7;ECU;-1.5;-92.5;1
SPZn;2015;7;PAN;-6.5;-108.5;1
SPZn;2015;7;PAN;-1.5;-128.5;2
SPZn;2015;7;PAN;-1.5;-107.5;2
SPZn;2015;8;ECU;-2.5;-103.5;3
SPZn;2015;8;ECU;-1.5;-103.5;1
SPZn;2015;8;MEX;23.5;-113.5;1
SPZn;2015;9;ECU;-3.5;-91.5;5
SPZn;2015;9;ECU;-2.5;-91.5;2
SPZn;2015;9;ECU;-2.5;-90.5;3
SPZn;2015;9;ECU;-0.5;-86.5;18
SPZn;2015;9;ECU;0.5;-93.5;1
SPZn;2015;9;ECU;2.5;-98.5;1
SPZn;2015;9;ECU;2.5;-94.5;7
SPZn;2015;9;ECU;2.5;-88.5;1
SPZn;2015;9;ECU;3.5;-94.5;1
SPZn;2015;9;PAN;-11.5;-98.5;1
SPZn;2015;9;PAN;-9.5;-103.5;2
SPZn;2015;10;ECU;-12.5;-108.5;2
SPZn;2015;10;ECU;-5.5;-124.5;1
SPZn;2015;10;ECU;-5.5;-110.5;5
SPZn;2015;10;ECU;-4.5;-119.5;1
SPZn;2015;10;ECU;-3.5;-101.5;1
SPZn;2015;10;ECU;-2.5;-91.5;1
SPZn;2015;10;ECU;-0.5;-93.5;1
SPZn;2015;10;ECU;0.5;-84.5;1
SPZn;2015;10;ECU;1.5;-94.5;1
SPZn;2015;10;ECU;1.5;-93.5;1
SPZn;2015;10;ECU;1.5;-90.5;19
SPZn;2015;10;ECU;1.5;-88.5;51
SPZn;2015;10;ECU;1.5;-86.5;4
SPZn;2015;10;ECU;2.5;-90.5;23
SPZn;2015;10;ECU;2.5;-88.5;51
SPZn;2015;10;ECU;2.5;-86.5;1
SPZn;2015;10;Other;-3.5;-144.5;1
SPZn;2015;10;PAN;-5.5;-127.5;1
SPZn;2015;10;PAN;0.5;-86.5;3
SPZn;2015;10;PAN;5.5;-109.5;1
SPZn;2015;11;ECU;-2.5;-109.5;4
SPZn;2015;11;ECU;-2.5;-98.5;1
SPZn;2015;11;Other;-4.5;-122.5;1
SPZn;2015;12;ECU;-1.5;-89.5;1
SPZn;2015;12;ECU;3.5;-85.5;3
SPZn;2016;1;COL;0.5;-86.5;7
SPZn;2016;1;ECU;-20.5;-73.5;2
SPZn;2016;1;ECU;-16.5;-78.5;5
SPZn;2016;1;ECU;-15.5;-80.5;1
SPZn;2016;1;ECU;-15.5;-79.5;3
SPZn;2016;2;COL;-19.5;-76.5;3
SPZn;2016;2;COL;-19.5;-75.5;3
SPZn;2016;2;COL;-18.5;-79.5;14
SPZn;2016;2;COL;-18.5;-78.5;14
SPZn;2016;2;COL;-17.5;-80.5;33
SPZn;2016;2;COL;-15.5;-80.5;1
SPZn;2016;2;COL;-14.5;-81.5;2
SPZn;2016;2;ECU;-19.5;-76.5;1
SPZn;2016;2;ECU;-19.5;-75.5;41
SPZn;2016;2;ECU;-18.5;-76.5;1
SPZn;2016;2;ECU;-18.5;-75.5;1
SPZn;2016;2;ECU;-18.5;-73.5;4
SPZn;2016;2;ECU;-17.5;-73.5;1
SPZn;2016;2;ECU;-16.5;-78.5;4
SPZn;2016;2;PAN;-19.5;-75.5;27
SPZn;2016;2;PAN;-18.5;-73.5;9
SPZn;2016;2;PER;-17.5;-73.5;5
SPZn;2016;3;COL;-12.5;-86.5;1
SPZn;2016;3;COL;-12.5;-82.5;1
SPZn;2016;3;COL;-12.5;-81.5;17
SPZn;2016;3;COL;-11.5;-82.5;2
SPZn;2016;3;ECU;-19.5;-73.5;3
SPZn;2016;3;ECU;-18.5;-74.5;3
SPZn;2016;3;ECU;-18.5;-73.5;4
SPZn;2016;3;ECU;-17.5;-77.5;1
SPZn;2016;3;ECU;-14.5;-75.5;4
SPZn;2016;3;ECU;-13.5;-80.5;5
SPZn;2016;3;ECU;-9.5;-81.5;1
SPZn;2016;3;PAN;-20.5;-73.5;5
SPZn;2016;3;PER;-17.5;-73.5;1
SPZn;2016;4;ECU;-17.5;-74.5;1
SPZn;2016;4;ECU;-13.5;-80.5;7
SPZn;2016;4;ECU;-8.5;-85.5;1
SPZn;2016;4;PAN;-18.5;-73.5;1
SPZn;2016;4;PAN;-17.5;-71.5;2
SPZn;2016;4;PER;-4.5;-81.5;1
SPZn;2016;5;ECU;-13.5;-84.5;4
SPZn;2016;5;ECU;-12.5;-107.5;1
SPZn;2016;5;ECU;-12.5;-83.5;2
SPZn;2016;5;ECU;-12.5;-81.5;14
SPZn;2016;5;ECU;-11.5;-83.5;10
SPZn;2016;5;ECU;-10.5;-83.5;7
SPZn;2016;5;ECU;-10.5;-80.5;1
SPZn;2016;5;ECU;-9.5;-84.5;10
SPZn;2016;5;ECU;-9.5;-83.5;6
SPZn;2016;5;MEX;17.5;-106.5;1
SPZn;2016;5;PAN;-11.5;-84.5;3
SPZn;2016;5;PAN;-5.5;-91.5;2
SPZn;2016;6;COL;-3.5;-105.5;1
SPZn;2016;6;COL;-2.5;-110.5;1
SPZn;2016;6;ECU;-13.5;-84.5;5
SPZn;2016;6;ECU;-8.5;-100.5;1
SPZn;2016;6;ECU;-8.5;-86.5;8
SPZn;2016;6;ECU;-4.5;-102.5;1
SPZn;2016;6;ECU;-3.5;-132.5;1
SPZn;2016;6;ECU;1.5;-84.5;1
SPZn;2016;6;ECU;4.5;-112.5;1
SPZn;2016;6;PAN;4.5;-143.5;1
SPZn;2016;7;COL;-2.5;-118.5;2
SPZn;2016;7;COL;-2.5;-117.5;1
SPZn;2016;7;ECU;-3.5;-105.5;2
SPZn;2016;7;ECU;-0.5;-84.5;1
SPZn;2016;7;ECU;1.5;-86.5;6
SPZn;2016;7;ECU;2.5;-88.5;12
SPZn;2016;7;ECU;3.5;-100.5;2
SPZn;2016;7;ECU;6.5;-123.5;4
SPZn;2016;7;MEX;10.5;-131.5;1
SPZn;2016;8;ECU;-0.5;-82.5;2
SPZn;2016;8;ECU;0.5;-83.5;10
SPZn;2016;8;ECU;0.5;-82.5;2
SPZn;2016;8;ECU;3.5;-97.5;1
SPZn;2016;8;ECU;5.5;-135.5;1
SPZn;2016;9;ECU;1.5;-102.5;2
SPZn;2016;9;ECU;2.5;-109.5;4
SPZn;2016;9;PAN;6.5;-109.5;2
SPZn;2016;9;VEN;5.5;-124.5;1
SPZn;2016;10;COL;3.5;-113.5;1
SPZn;2016;10;COL;4.5;-109.5;8
SPZn;2016;10;ECU;3.5;-115.5;1
SPZn;2016;10;ECU;3.5;-112.5;2
SPZn;2016;10;ECU;4.5;-126.5;1
SPZn;2016;10;ECU;4.5;-116.5;4
SPZn;2016;10;ECU;4.5;-112.5;1
SPZn;2016;10;ECU;4.5;-110.5;1
SPZn;2016;10;ECU;4.5;-109.5;1
SPZn;2016;10;ECU;4.5;-108.5;6
SPZn;2016;10;ECU;5.5;-106.5;1
SPZn;2016;10;ECU;6.5;-128.5;1
SPZn;2016;10;ECU;6.5;-117.5;2
SPZn;2016;10;ECU;6.5;-108.5;1
SPZn;2016;10;MEX;4.5;-108.5;16
SPZn;2016;10;PAN;6.5;-112.5;3
SPZn;2016;10;USA;3.5;-126.5;1
SPZn;2016;10;VEN;5.5;-124.5;2
SPZn;2016;10;VEN;5.5;-119.5;2
SPZn;2016;11;ECU;-0.5;-84.5;3
SPZn;2016;11;ECU;3.5;-97.5;4
SPZn;2016;11;ECU;6.5;-130.5;1
SPZn;2016;11;PAN;2.5;-136.5;1
SPZn;2016;11;VEN;3.5;-114.5;1
SPZn;2016;11;VEN;4.5;-113.5;1
SPZn;2016;11;VEN;6.5;-117.5;2
SPZn;2016;12;ECU;2.5;-89.5;1
SPZn;2017;1;COL;0.5;-95.5;1
SPZn;2017;1;COL;1.5;-114.5;1
SPZn;2017;1;COL;2.5;-96.5;1
SPZn;2017;1;COL;3.5;-135.5;1
SPZn;2017;1;COL;5.5;-125.5;1
SPZn;2017;1;ECU;-1.5;-92.5;1
SPZn;2017;1;ECU;0.5;-93.5;5
SPZn;2017;1;ECU;1.5;-95.5;3
SPZn;2017;1;ECU;2.5;-98.5;4
SPZn;2017;2;ECU;-19.5;-75.5;2
SPZn;2017;2;ECU;-19.5;-72.5;9
SPZn;2017;2;ECU;-18.5;-75.5;1
SPZn;2017;2;ECU;-18.5;-73.5;10
SPZn;2017;2;ECU;-17.5;-74.5;1
SPZn;2017;2;ECU;-16.5;-86.5;2
SPZn;2017;2;ECU;-8.5;-80.5;1
SPZn;2017;2;ECU;-1.5;-86.5;1
SPZn;2017;2;PAN;-3.5;-118.5;2
SPZn;2017;2;PER;-18.5;-72.5;2
SPZn;2017;2;PER;-17.5;-73.5;2
SPZn;2017;3;COL;6.5;-111.5;1
SPZn;2017;3;ECU;-19.5;-82.5;1
SPZn;2017;3;ECU;-19.5;-74.5;1
SPZn;2017;3;ECU;-18.5;-72.5;1
SPZn;2017;3;ECU;-18.5;-71.5;1
SPZn;2017;3;ECU;-17.5;-81.5;18
SPZn;2017;3;ECU;-16.5;-86.5;3
SPZn;2017;3;ECU;-15.5;-88.5;1
SPZn;2017;3;ECU;-15.5;-87.5;8
SPZn;2017;3;ECU;-15.5;-85.5;5
SPZn;2017;3;ECU;-14.5;-84.5;1
SPZn;2017;3;ECU;-13.5;-81.5;1
SPZn;2017;3;ECU;-4.5;-149.5;1
SPZn;2017;3;ECU;2.5;-99.5;4
SPZn;2017;3;PAN;-18.5;-80.5;3
SPZn;2017;3;USA;-16.5;-87.5;10
SPZn;2017;3;VEN;-15.5;-87.5;5
SPZn;2017;4;ECU;-18.5;-72.5;9
SPZn;2017;4;ECU;-17.5;-73.5;2
SPZn;2017;4;ECU;-15.5;-89.5;5
SPZn;2017;4;ECU;3.5;-90.5;11
SPZn;2017;5;ECU;-15.5;-90.5;2
SPZn;2017;5;ECU;-15.5;-89.5;1
SPZn;2017;5;ECU;-13.5;-89.5;1
SPZn;2017;5;ECU;-12.5;-85.5;1
SPZn;2017;5;ECU;-11.5;-81.5;2
SPZn;2017;5;ECU;5.5;-117.5;1
SPZn;2017;5;VEN;5.5;-105.5;3
SPZn;2017;5;VEN;5.5;-104.5;1
SPZn;2017;6;COL;5.5;-122.5;1
SPZn;2017;6;ECU;5.5;-99.5;3
SPZn;2017;6;ECU;6.5;-100.5;4
SPZn;2017;7;COL;4.5;-103.5;1
SPZn;2017;7;ECU;-6.5;-97.5;1
SPZn;2017;7;ECU;-2.5;-123.5;1
SPZn;2017;7;ECU;1.5;-87.5;2
SPZn;2017;7;ECU;2.5;-92.5;1
SPZn;2017;7;ECU;2.5;-90.5;1
SPZn;2017;7;ECU;4.5;-95.5;2
SPZn;2017;7;ECU;5.5;-103.5;1
SPZn;2017;7;MEX;8.5;-127.5;1
SPZn;2017;7;MEX;25.5;-109.5;1
SPZn;2017;7;Other;4.5;-96.5;1
SPZn;2017;7;USA;-2.5;-132.5;1
SPZn;2017;8;ECU;-3.5;-112.5;1
SPZn;2017;8;ECU;3.5;-103.5;3
SPZn;2017;8;ECU;5.5;-127.5;1
SPZn;2017;9;ECU;-4.5;-147.5;3
SPZn;2017;9;ECU;-3.5;-146.5;2
SPZn;2017;9;ECU;3.5;-94.5;8
SPZn;2017;9;ECU;4.5;-101.5;1
SPZn;2017;10;COL;-4.5;-117.5;1
SPZn;2017;10;ECU;-8.5;-109.5;2
SPZn;2017;10;ECU;-7.5;-110.5;2
SPZn;2017;10;ECU;-5.5;-143.5;1
SPZn;2017;10;PAN;4.5;-135.5;1
SPZn;2017;10;USA;-3.5;-149.5;1
SPZn;2017;11;ECU;-12.5;-104.5;1
SPZn;2017;11;ECU;-6.5;-92.5;1
SPZn;2017;11;NIC;12.5;-87.5;1
SPZn;2017;11;PAN;-5.5;-135.5;1
SPZn;2017;11;PAN;-2.5;-145.5;1
SPZn;2017;12;VEN;5.5;-83.5;1
SPZn;2018;1;ECU;-17.5;-76.5;1
SPZn;2018;1;ECU;-15.5;-79.5;2
SPZn;2018;1;ECU;-13.5;-80.5;3
SPZn;2018;1;ECU;-4.5;-143.5;3
SPZn;2018;1;PAN;-1.5;-88.5;1
SPZn;2018;2;COL;-17.5;-81.5;21
SPZn;2018;2;COL;-15.5;-79.5;2
SPZn;2018;2;COL;-13.5;-87.5;1
SPZn;2018;2;ECU;-15.5;-79.5;6
SPZn;2018;2;ECU;-15.5;-78.5;20
SPZn;2018;2;ECU;-14.5;-85.5;1
SPZn;2018;2;MEX;-3.5;-113.5;7
SPZn;2018;2;MEX;-2.5;-114.5;9
SPZn;2018;2;MEX;4.5;-102.5;2
SPZn;2018;2;MEX;10.5;-118.5;6
SPZn;2018;2;PAN;0.5;-92.5;1
SPZn;2018;3;COL;-14.5;-85.5;11
SPZn;2018;3;ECU;-22.5;-75.5;1
SPZn;2018;3;ECU;-11.5;-108.5;1
SPZn;2018;3;ECU;-11.5;-107.5;1
SPZn;2018;3;ECU;-10.5;-91.5;1
SPZn;2018;3;MEX;-9.5;-84.5;1
SPZn;2018;3;VEN;-18.5;-79.5;5
SPZn;2018;3;VEN;-15.5;-84.5;1
SPZn;2018;4;ECU;-14.5;-89.5;1
SPZn;2018;4;ECU;-6.5;-94.5;1
SPZn;2018;4;ECU;2.5;-144.5;1
SPZn;2018;4;USA;-7.5;-86.5;1
SPZn;2018;5;ECU;-13.5;-96.5;1
SPZn;2018;5;ECU;-7.5;-89.5;8
SPZn;2018;5;ECU;5.5;-107.5;1
SPZn;2018;5;VEN;5.5;-99.5;1
SPZn;2018;6;ECU;-9.5;-109.5;1
SPZn;2018;6;ECU;-9.5;-104.5;1
SPZn;2018;6;ECU;-8.5;-117.5;1
SPZn;2018;6;ECU;1.5;-117.5;1
SPZn;2018;6;ECU;1.5;-88.5;1
SPZn;2018;6;ECU;2.5;-87.5;5
SPZn;2018;6;ECU;5.5;-103.5;2
SPZn;2018;6;MEX;3.5;-137.5;1
SPZn;2018;6;NIC;-4.5;-96.5;1
SPZn;2018;6;PAN;-0.5;-99.5;1
SPZn;2018;6;VEN;4.5;-109.5;1
SPZn;2018;7;ECU;-10.5;-106.5;2
SPZn;2018;7;ECU;-3.5;-146.5;1
SPZn;2018;7;ECU;-1.5;-139.5;1
SPZn;2018;7;ECU;-0.5;-86.5;1
SPZn;2018;7;ECU;4.5;-92.5;1
SPZn;2018;8;ECU;3.5;-108.5;1
SPZn;2018;8;ECU;4.5;-111.5;4
SPZn;2018;8;VEN;1.5;-96.5;2
SPZn;2018;9;ECU;1.5;-99.5;6
SPZn;2018;9;ECU;1.5;-97.5;4
SPZn;2018;9;ECU;2.5;-103.5;14
SPZn;2018;9;ECU;2.5;-97.5;1
SPZn;2018;9;USA;1.5;-101.5;1
SPZn;2018;9;USA;4.5;-147.5;1
SPZn;2018;10;COL;-3.5;-112.5;4
SPZn;2018;10;COL;-3.5;-110.5;1
SPZn;2018;10;ECU;1.5;-96.5;3
SPZn;2018;10;ECU;1.5;-95.5;2
SPZn;2018;10;ECU;2.5;-95.5;1
SPZn;2018;10;PAN;-2.5;-115.5;1
SPZn;2018;10;USA;1.5;-146.5;1
SPZn;2018;11;COL;3.5;-81.5;1
SPZn;2018;11;ECU;-11.5;-102.5;1
SPZn;2018;11;ECU;0.5;-93.5;2
SPZn;2018;11;PAN;-1.5;-119.5;1
SPZn;2018;12;PAN;-4.5;-102.5;3
SPZn;2019;1;COL;-10.5;-87.5;1
SPZn;2019;1;COL;-8.5;-88.5;1
SPZn;2019;2;COL;-10.5;-88.5;2
SPZn;2019;2;ECU;-12.5;-88.5;2
SPZn;2019;2;ECU;-2.5;-149.5;1
SPZn;2019;3;ECU;-13.5;-80.5;2
SPZn;2019;3;PAN;-14.5;-95.5;1
SPZn;2019;3;PAN;-14.5;-93.5;6
SPZn;2019;3;PAN;-12.5;-78.5;1
SPZn;2019;4;ECU;-16.5;-98.5;3
SPZn;2019;4;ECU;-10.5;-104.5;2
SPZn;2019;4;ECU;-8.5;-85.5;1
SPZn;2019;4;ECU;-7.5;-86.5;1
SPZn;2019;5;COL;1.5;-83.5;1
SPZn;2019;5;ECU;-8.5;-85.5;7
SPZn;2019;5;ECU;-7.5;-88.5;4
SPZn;2019;5;Other;-1.5;-149.5;1
SPZn;2019;6;ECU;-13.5;-99.5;22
SPZn;2019;6;ECU;-6.5;-87.5;3
SPZn;2019;6;ECU;-4.5;-90.5;6
SPZn;2019;6;MEX;17.5;-119.5;1
SPZn;2019;6;Other;3.5;-102.5;1
SPZn;2019;7;ECU;-10.5;-97.5;2
SPZn;2019;7;ECU;-6.5;-93.5;1
SPZn;2019;7;ECU;-5.5;-109.5;1
SPZn;2019;7;ECU;0.5;-85.5;1
SPZn;2019;7;ECU;3.5;-103.5;1
SPZn;2019;7;ECU;3.5;-102.5;1
SPZn;2019;8;ECU;2.5;-106.5;1
SPZn;2019;8;ECU;2.5;-98.5;1
SPZn;2019;8;ECU;3.5;-104.5;7
SPZn;2019;8;ECU;3.5;-99.5;1
SPZn;2019;8;ECU;4.5;-110.5;1
SPZn;2019;8;ECU;4.5;-102.5;1
SPZn;2019;8;ECU;4.5;-98.5;7
SPZn;2019;8;MEX;25.5;-112.5;1
SPZn;2019;8;PAN;4.5;-103.5;1
SPZn;2019;8;VEN;3.5;-111.5;2
SPZn;2019;9;COL;1.5;-84.5;2
SPZn;2019;9;COL;1.5;-83.5;8
SPZn;2019;9;COL;3.5;-82.5;1
SPZn;2019;9;ECU;1.5;-84.5;3
SPZn;2019;9;ECU;2.5;-107.5;2
SPZn;2019;9;ECU;2.5;-84.5;19
SPZn;2019;9;ECU;2.5;-83.5;7
SPZn;2019;9;ECU;3.5;-104.5;27
SPZn;2019;9;ECU;3.5;-103.5;2
SPZn;2019;9;ECU;3.5;-99.5;6
SPZn;2019;9;ECU;3.5;-98.5;2
SPZn;2019;9;ECU;3.5;-96.5;3
SPZn;2019;9;ECU;4.5;-105.5;2
SPZn;2019;9;ECU;5.5;-106.5;3
SPZn;2019;9;ECU;5.5;-105.5;5
SPZn;2019;9;ECU;5.5;-104.5;1
SPZn;2019;9;MEX;29.5;-115.5;1
SPZn;2019;9;NIC;5.5;-107.5;1
SPZn;2019;10;COL;2.5;-83.5;1
SPZn;2019;10;COL;3.5;-110.5;1
SPZn;2019;10;COL;4.5;-109.5;1
SPZn;2019;10;COL;4.5;-107.5;1
SPZn;2019;10;ECU;-6.5;-105.5;1
SPZn;2019;10;ECU;-1.5;-88.5;2
SPZn;2019;10;ECU;-1.5;-87.5;7
SPZn;2019;10;ECU;-1.5;-86.5;3
SPZn;2019;10;ECU;-0.5;-88.5;2
SPZn;2019;10;ECU;0.5;-93.5;2
SPZn;2019;10;ECU;0.5;-88.5;2
SPZn;2019;10;ECU;1.5;-117.5;1
SPZn;2019;10;ECU;1.5;-95.5;1
SPZn;2019;10;ECU;2.5;-100.5;1
SPZn;2019;10;Other;-3.5;-124.5;1
SPZn;2019;10;VEN;1.5;-112.5;1
SPZn;2019;10;VEN;6.5;-115.5;1
SPZn;2019;11;ECU;0.5;-92.5;4
SPZn;2019;11;ECU;0.5;-87.5;6
SPZn;2019;11;ECU;1.5;-98.5;1
SPZn;2019;11;ECU;1.5;-94.5;7
SPZn;2019;11;ECU;1.5;-93.5;9
SPZn;2019;11;ECU;1.5;-83.5;7
SPZn;2019;11;ECU;1.5;-82.5;1
SPZn;2019;11;ECU;2.5;-97.5;1
SPZn;2019;11;ECU;2.5;-96.5;5
SPZn;2019;11;ECU;2.5;-93.5;4
SPZn;2019;11;ECU;2.5;-92.5;1
SPZn;2019;11;ECU;2.5;-88.5;2
SPZn;2019;11;ECU;3.5;-93.5;1
SPZn;2019;12;ECU;0.5;-93.5;5
SPZn;2019;12;ECU;1.5;-86.5;4
SPZn;2019;12;USA;-1.5;-146.5;2
SPZn;2019;12;USA;2.5;-149.5;1
SPZn;2020;1;ECU;1.5;-85.5;1
SPZn;2020;1;ECU;3.5;-99.5;1
SPZn;2020;1;Other;-1.5;-149.5;1
SPZn;2020;2;COL;3.5;-106.5;1
SPZn;2020;2;COL;4.5;-104.5;1
SPZn;2020;2;ECU;-3.5;-94.5;1
SPZn;2020;2;ECU;0.5;-86.5;1
SPZn;2020;2;ECU;1.5;-93.5;2
SPZn;2020;2;VEN;-7.5;-87.5;5
SPZn;2020;3;COL;-8.5;-85.5;11
SPZn;2020;3;ECU;-17.5;-88.5;4
SPZn;2020;3;ECU;-17.5;-82.5;14
SPZn;2020;3;ECU;-14.5;-96.5;3
SPZn;2020;3;ECU;-9.5;-89.5;2
SPZn;2020;3;ECU;-1.5;-91.5;1
SPZn;2020;4;ECU;-15.5;-77.5;1
SPZn;2020;4;ECU;-10.5;-83.5;3
SPZn;2020;4;ECU;-3.5;-146.5;1
SPZn;2020;4;VEN;-8.5;-89.5;3
SPZn;2020;5;COL;1.5;-86.5;1
SPZn;2020;5;ECU;-10.5;-81.5;3
SPZn;2020;5;ECU;-5.5;-88.5;1
SPZn;2020;6;COL;4.5;-146.5;1
SPZn;2020;6;ECU;-7.5;-87.5;1
SPZn;2020;6;ECU;2.5;-87.5;4
SPZn;2020;6;MEX;19.5;-107.5;1
SPZn;2020;7;COL;-3.5;-121.5;1
SPZn;2020;7;ECU;-6.5;-94.5;1
SPZn;2020;7;ECU;2.5;-95.5;1
SPZn;2020;7;MEX;6.5;-127.5;1
SPZn;2020;7;MEX;11.5;-136.5;1
SPZn;2020;7;MEX;25.5;-113.5;1
SPZn;2020;8;ECU;1.5;-123.5;1
SPZn;2020;8;ECU;1.5;-100.5;3
SPZn;2020;8;ECU;2.5;-101.5;4
SPZn;2020;8;ECU;3.5;-104.5;8
SPZn;2020;8;ECU;3.5;-103.5;1
SPZn;2020;9;ECU;-3.5;-145.5;1
SPZn;2020;9;ECU;3.5;-93.5;1
SPZn;2020;9;MEX;2.5;-103.5;1
SPZn;2020;9;USA;5.5;-133.5;1
SPZn;2020;10;COL;-6.5;-110.5;1
SPZn;2020;10;COL;-3.5;-114.5;3
SPZn;2020;10;ECU;-10.5;-116.5;1
SPZn;2020;10;ECU;3.5;-96.5;11
SPZn;2020;10;PAN;5.5;-134.5;2
SPZn;2020;11;ECU;-4.5;-146.5;1
SPZn;2020;11;ECU;0.5;-88.5;1
SPZn;2020;12;ECU;-4.5;-119.5;12
SPZn;2020;12;ECU;-3.5;-81.5;1
SPZn;2021;1;ECU;-13.5;-81.5;1
SPZn;2021;2;COL;-14.5;-82.5;1
SPZn;2021;2;ECU;-15.5;-108.5;1
SPZn;2021;2;ECU;-13.5;-88.5;9
SPZn;2021;2;ECU;1.5;-87.5;8
SPZn;2021;3;COL;-15.5;-88.5;2
SPZn;2021;3;ECU;-16.5;-76.5;2
SPZn;2021;3;ECU;-14.5;-92.5;23
SPZn;2021;3;ECU;-13.5;-81.5;1
SPZn;2021;3;ECU;-12.5;-83.5;3
SPZn;2021;3;PAN;-18.5;-83.5;1
SPZn;2021;4;COL;-14.5;-87.5;1
SPZn;2021;4;COL;-11.5;-85.5;1
SPZn;2021;4;COL;-10.5;-85.5;1
SPZn;2021;4;COL;-9.5;-88.5;1
SPZn;2021;4;ECU;-15.5;-78.5;1
SPZn;2021;4;ECU;-14.5;-82.5;2
SPZn;2021;4;ECU;-11.5;-83.5;1
SPZn;2021;4;ECU;-11.5;-80.5;1
SPZn;2021;4;ECU;-10.5;-80.5;4
SPZn;2021;4;ECU;-9.5;-87.5;1
SPZn;2021;4;ECU;-8.5;-89.5;2
SPZn;2021;4;ECU;-8.5;-87.5;3
SPZn;2021;4;ECU;-8.5;-81.5;3
SPZn;2021;4;PAN;-15.5;-82.5;1
SPZn;2021;4;PAN;-9.5;-81.5;1
SPZn;2021;4;VEN;-9.5;-88.5;1
SPZn;2021;4;VEN;-9.5;-86.5;3
SPZn;2021;5;COL;4.5;-103.5;1
SPZn;2021;5;ECU;-20.5;-86.5;1
SPZn;2021;5;ECU;-11.5;-104.5;1
SPZn;2021;5;ECU;-8.5;-87.5;18
SPZn;2021;5;ECU;-8.5;-86.5;2
SPZn;2021;5;ECU;-7.5;-87.5;7
SPZn;2021;5;ECU;-7.5;-86.5;5
SPZn;2021;5;VEN;-9.5;-89.5;3
SPZn;2021;6;ECU;-8.5;-89.5;7
SPZn;2021;6;ECU;-6.5;-91.5;1
SPZn;2021;7;ECU;-9.5;-107.5;1
SPZn;2021;7;ECU;2.5;-96.5;1
SPZn;2021;7;PAN;5.5;-99.5;3
SPZn;2021;7;VEN;-4.5;-107.5;1
SPZn;2021;8;COL;6.5;-122.5;1
SPZn;2021;8;ECU;-3.5;-148.5;1
SPZn;2021;8;ECU;4.5;-111.5;2
SPZn;2021;8;ECU;4.5;-110.5;1
SPZn;2021;8;PAN;-3.5;-148.5;1
SPZn;2021;8;VEN;4.5;-108.5;1
SPZn;2021;9;ECU;-4.5;-111.5;1
SPZn;2021;9;ECU;4.5;-106.5;1
SPZn;2021;9;ECU;5.5;-148.5;1
SPZn;2021;9;MEX;27.5;-115.5;1
SPZn;2021;9;Other;6.5;-122.5;1
SPZn;2021;10;COL;4.5;-118.5;1
SPZn;2021;10;COL;4.5;-104.5;1
SPZn;2021;10;COL;5.5;-105.5;2
SPZn;2021;10;ECU;-4.5;-118.5;1
SPZn;2021;10;ECU;-3.5;-120.5;1
SPZn;2021;10;ECU;4.5;-100.5;4
SPZn;2021;10;MEX;10.5;-117.5;1
SPZn;2021;10;USA;5.5;-119.5;1
SPZn;2021;10;USA;5.5;-106.5;1
SPZn;2021;10;VEN;-4.5;-114.5;1
SPZn;2021;10;VEN;4.5;-112.5;5
SPZn;2021;11;COL;3.5;-117.5;2
SPZn;2021;11;COL;3.5;-108.5;2
SPZn;2021;11;ECU;-5.5;-115.5;4
SPZn;2021;11;ECU;-5.5;-108.5;1
SPZn;2021;12;COL;2.5;-83.5;1
SPZn;2021;12;ECU;-8.5;-103.5;1
SPZn;2022;2;ECU;-15.5;-83.5;9
SPZn;2022;2;ECU;-1.5;-144.5;1
SPZn;2022;2;PAN;-15.5;-90.5;2
SPZn;2022;3;COL;-16.5;-86.5;4
SPZn;2022;3;COL;-15.5;-86.5;5
SPZn;2022;3;ECU;-15.5;-85.5;2
SPZn;2022;3;ECU;-11.5;-82.5;3
SPZn;2022;3;ECU;-11.5;-81.5;8
SPZn;2022;3;ECU;-10.5;-87.5;2
SPZn;2022;3;ECU;-10.5;-83.5;10
SPZn;2022;3;PAN;-16.5;-84.5;1
SPZn;2022;3;PAN;-14.5;-92.5;1
SPZn;2022;3;PAN;-14.5;-90.5;3
SPZn;2022;3;PAN;-2.5;-93.5;1
SPZn;2022;3;VEN;-0.5;-92.5;1
SPZn;2022;4;ECU;-15.5;-93.5;3
SPZn;2022;4;ECU;-14.5;-93.5;6
SPZn;2022;4;ECU;-13.5;-99.5;1
SPZn;2022;4;ECU;-13.5;-98.5;2
SPZn;2022;4;ECU;-13.5;-94.5;4
SPZn;2022;4;ECU;-11.5;-98.5;1
SPZn;2022;4;ECU;-10.5;-92.5;1
SPZn;2022;4;ECU;-8.5;-87.5;2
SPZn;2022;4;ECU;-7.5;-87.5;1
SPZn;2022;4;ECU;3.5;-100.5;2
SPZn;2022;5;COL;-8.5;-87.5;2
SPZn;2022;5;ECU;-6.5;-111.5;2
SPZn;2022;5;MEX;6.5;-122.5;1
SPZn;2022;5;PAN;-3.5;-148.5;1
SPZn;2022;6;COL;-8.5;-110.5;2
SPZn;2022;6;COL;3.5;-132.5;2
SPZn;2022;6;COL;3.5;-95.5;26
SPZn;2022;6;COL;4.5;-119.5;1
SPZn;2022;6;COL;4.5;-108.5;1
SPZn;2022;6;COL;4.5;-95.5;9
SPZn;2022;6;ECU;-9.5;-109.5;1
SPZn;2022;6;Other;-4.5;-119.5;1
SPZn;2022;6;Other;-1.5;-126.5;2
SPZn;2022;6;Other;2.5;-131.5;1
SPZn;2022;6;PAN;-6.5;-136.5;1
SPZn;2022;6;VEN;3.5;-97.5;3
SPZn;2022;7;ECU;-2.5;-119.5;1
SPZn;2022;7;ECU;3.5;-104.5;1
SPZn;2022;7;ECU;3.5;-103.5;4
SPZn;2022;7;ECU;4.5;-106.5;3
SPZn;2022;7;USA;-2.5;-140.5;2
SPZn;2022;8;ECU;-7.5;-120.5;1
SPZn;2022;8;ECU;-3.5;-101.5;1
SPZn;2022;8;ECU;3.5;-93.5;14
SPZn;2022;9;ECU;-4.5;-115.5;1
SPZn;2022;9;ECU;-2.5;-139.5;1
SPZn;2022;9;ECU;2.5;-97.5;2
SPZn;2022;9;ECU;3.5;-106.5;1
SPZn;2022;9;ECU;3.5;-105.5;4
SPZn;2022;9;ECU;4.5;-104.5;1
SPZn;2022;9;ECU;4.5;-97.5;1
SPZn;2022;10;COL;4.5;-113.5;2
SPZn;2022;10;ECU;1.5;-95.5;4
SPZn;2022;10;ECU;2.5;-112.5;1
SPZn;2022;10;ECU;3.5;-92.5;2
SPZn;2022;10;ECU;3.5;-90.5;4
SPZn;2022;10;ECU;4.5;-99.5;10
SPZn;2022;10;MEX;10.5;-120.5;1
SPZn;2022;10;VEN;5.5;-124.5;1
SPZn;2022;11;COL;2.5;-84.5;7
SPZn;2022;11;ECU;4.5;-91.5;1
SPZn;2022;11;ECU;5.5;-148.5;1
SPZn;2022;11;MEX;-5.5;-109.5;1
SPZn;2022;11;MEX;-3.5;-112.5;1
SPZn;2022;12;ECU;1.5;-94.5;2
SPZn;2022;12;ECU;1.5;-88.5;4
SPZn;2023;1;ECU;2.5;-93.5;5
SPZn;2023;1;ECU;3.5;-93.5;1
SPZn;2023;1;ECU;3.5;-91.5;3
SPZn;2023;1;ECU;4.5;-94.5;6
SPZn;2023;2;COL;-16.5;-82.5;4
SPZn;2023;2;COL;-16.5;-81.5;1
SPZn;2023;2;COL;-16.5;-80.5;4
SPZn;2023;2;COL;-15.5;-82.5;3
SPZn;2023;2;COL;-15.5;-80.5;12
SPZn;2023;2;ECU;-17.5;-83.5;2
SPZn;2023;2;ECU;-15.5;-80.5;7
SPZn;2023;2;ECU;-13.5;-87.5;8
SPZn;2023;2;ECU;-9.5;-86.5;2
SPZn;2023;2;PAN;-15.5;-81.5;4
SPZn;2023;3;COL;-16.5;-81.5;1
SPZn;2023;3;COL;-14.5;-84.5;13
SPZn;2023;3;ECU;-17.5;-77.5;1
SPZn;2023;3;ECU;-15.5;-80.5;3
SPZn;2023;3;ECU;-15.5;-78.5;1
SPZn;2023;3;ECU;-10.5;-89.5;2
SPZn;2023;3;ECU;-10.5;-85.5;1
SPZn;2023;3;PAN;-17.5;-83.5;7
SPZn;2023;3;VEN;-11.5;-85.5;2
SPZn;2023;3;VEN;-9.5;-87.5;3
SPZn;2023;3;VEN;-8.5;-85.5;2
SPZn;2023;4;ECU;-17.5;-80.5;2
SPZn;2023;4;ECU;-15.5;-80.5;1
SPZn;2023;4;ECU;-15.5;-78.5;2
SPZn;2023;4;ECU;-10.5;-87.5;2
SPZn;2023;4;ECU;-9.5;-82.5;3
SPZn;2023;4;ECU;-9.5;-81.5;1
SPZn;2023;4;ECU;2.5;-93.5;1
SPZn;2023;4;NIC;2.5;-93.5;1
SPZn;2023;5;ECU;-12.5;-109.5;2
SPZn;2023;5;ECU;-10.5;-100.5;1
SPZn;2023;5;ECU;-10.5;-82.5;2
SPZn;2023;5;ECU;-9.5;-81.5;6
SPZn;2023;5;ECU;-9.5;-80.5;1
SPZn;2023;5;ECU;-8.5;-83.5;5
SPZn;2023;5;ECU;-5.5;-112.5;2
SPZn;2023;5;ECU;3.5;-97.5;3
SPZn;2023;5;PAN;5.5;-111.5;4
SPZn;2023;5;PAN;6.5;-143.5;1
SPZn;2023;6;ECU;-10.5;-102.5;2
SPZn;2023;6;ECU;-8.5;-109.5;1
SPZn;2023;6;ECU;-8.5;-105.5;1
SPZn;2023;6;ECU;-8.5;-85.5;5
SPZn;2023;6;ECU;-8.5;-83.5;1
SPZn;2023;6;ECU;-3.5;-103.5;4
SPZn;2023;7;ECU;-6.5;-111.5;1
SPZn;2023;7;ECU;-5.5;-133.5;2
SPZn;2023;7;ECU;-4.5;-109.5;2
SPZn;2023;7;ECU;-4.5;-108.5;2
SPZn;2023;7;ECU;-4.5;-106.5;4
SPZn;2023;7;ECU;-3.5;-134.5;1
SPZn;2023;7;ECU;-3.5;-126.5;3
SPZn;2023;7;ECU;-3.5;-109.5;4
SPZn;2023;7;ECU;-3.5;-108.5;1
SPZn;2023;7;ECU;-3.5;-104.5;2
SPZn;2023;7;ECU;-2.5;-109.5;2
SPZn;2023;7;ECU;-2.5;-102.5;2
SPZn;2023;7;ECU;0.5;-88.5;11
SPZn;2023;7;ECU;0.5;-87.5;1
SPZn;2023;7;ECU;4.5;-95.5;2
SPZn;2023;7;MEX;21.5;-112.5;2
SPZn;2023;7;USA;-2.5;-121.5;1
SPZn;2023;8;ECU;-7.5;-101.5;3
SPZn;2023;8;ECU;-0.5;-92.5;1
SPZn;2023;8;ECU;1.5;-84.5;1
SPZn;2023;8;ECU;3.5;-102.5;5
SPZn;2023;8;Other;-2.5;-149.5;1
SPZn;2023;8;PAN;-7.5;-130.5;1
SPZn;2023;8;PAN;-5.5;-146.5;1
SPZn;2023;9;ECU;-9.5;-101.5;2
SPZn;2023;9;ECU;0.5;-107.5;1
SPZn;2023;9;ECU;1.5;-95.5;1
SPZn;2023;9;ECU;1.5;-85.5;1
SPZn;2023;9;ECU;2.5;-97.5;1
SPZn;2023;9;ECU;2.5;-95.5;2
SPZn;2023;9;ECU;3.5;-93.5;3
SPZn;2023;9;PAN;-0.5;-92.5;1
SPZn;2023;9;PAN;1.5;-98.5;2
SPZn;2023;9;PAN;1.5;-95.5;3
SPZn;2023;9;PAN;2.5;-105.5;6
SPZn;2023;9;PAN;2.5;-103.5;1
SPZn;2023;9;PAN;2.5;-100.5;1
SPZn;2023;10;COL;2.5;-112.5;1
SPZn;2023;10;ECU;-6.5;-146.5;1
SPZn;2023;10;ECU;-0.5;-94.5;1
SPZn;2023;10;ECU;0.5;-95.5;7
SPZn;2023;10;ECU;0.5;-93.5;8
SPZn;2023;10;ECU;0.5;-88.5;1
SPZn;2023;10;ECU;0.5;-87.5;8
SPZn;2023;10;ECU;1.5;-95.5;2
SPZn;2023;10;ECU;1.5;-94.5;3
SPZn;2023;10;ECU;1.5;-93.5;1
SPZn;2023;10;ECU;1.5;-90.5;12
SPZn;2023;10;ECU;1.5;-86.5;2
SPZn;2023;10;ECU;2.5;-117.5;1
SPZn;2023;10;ECU;2.5;-115.5;1
SPZn;2023;10;ECU;2.5;-84.5;2
SPZn;2023;10;Other;-6.5;-147.5;1
SPZn;2023;10;Other;-5.5;-145.5;1
SPZn;2023;10;Other;-5.5;-144.5;1
SPZn;2023;10;PAN;0.5;-95.5;1
SPZn;2023;10;PAN;0.5;-94.5;2
SPZn;2023;11;COL;3.5;-110.5;1
SPZn;2023;11;ECU;-6.5;-99.5;1
SPZn;2023;11;ECU;2.5;-87.5;2
SPZn;2023;11;ECU;2.5;-85.5;1
SPZn;2023;11;VEN;11.5;-87.5;1
SPZn;2023;12;ECU;-2.5;-95.5;2
SPZn;2023;12;ECU;1.5;-87.5;1
SPZn;2023;12;ECU;1.5;-85.5;3
SPZn;2023;12;ECU;1.5;-84.5;1
SPZn;2023;12;ECU;2.5;-94.5;1
SPZn;2023;12;PAN;-6.5;-147.5;1
SPZn;2023;12;VEN;-3.5;-95.5;1
SPZn;2023;12;VEN;0.5;-85.5;7
SPZn;2024;1;ECU;-16.5;-81.5;1
SPZn;2024;2;COL;-14.5;-81.5;8
SPZn;2024;2;COL;-14.5;-80.5;1
SPZn;2024;2;COL;-13.5;-81.5;6
SPZn;2024;2;ECU;-15.5;-77.5;4
SPZn;2024;2;ECU;-15.5;-76.5;4
SPZn;2024;2;ECU;-14.5;-79.5;5
SPZn;2024;2;ECU;-8.5;-80.5;2
SPZn;2024;2;ECU;-1.5;-87.5;1
SPZn;2024;2;ECU;-0.5;-92.5;2
SPZn;2024;2;Other;-13.5;-78.5;2
SPZn;2024;3;COL;-10.5;-89.5;1
SPZn;2024;3;ECU;-18.5;-74.5;1
SPZn;2024;3;ECU;-13.5;-81.5;3
SPZn;2024;3;ECU;-13.5;-79.5;5
SPZn;2024;3;ECU;-11.5;-80.5;5
SPZn;2024;3;ECU;-10.5;-80.5;3
SPZn;2024;3;ECU;-9.5;-86.5;2
SPZn;2024;3;ECU;-9.5;-80.5;1
SPZn;2024;3;ECU;-5.5;-100.5;1
SPZn;2024;3;Other;-11.5;-80.5;1
SPZn;2024;4;ECU;-11.5;-83.5;4
SPZn;2024;4;ECU;-4.5;-86.5;2
SPZn;2024;4;Other;-10.5;-80.5;1
SPZn;2024;4;Other;-6.5;-81.5;1
SPZn;2024;4;Other;-5.5;-81.5;4
SPZn;2024;4;PAN;-18.5;-75.5;2
SPZn;2024;4;PAN;-18.5;-74.5;19
SPZn;2024;4;PAN;-17.5;-73.5;1
SPZn;2024;5;ECU;-5.5;-96.5;1
SPZn;2024;5;ECU;-4.5;-94.5;7
SPZn;2024;5;ECU;-4.5;-93.5;2
SPZn;2024;5;MEX;17.5;-110.5;1
SPZn;2024;5;MEX;18.5;-109.5;1
SPZn;2024;5;Other;-17.5;-74.5;1
SPZn;2024;6;ECU;-3.5;-89.5;5
SPZn;2024;6;ECU;1.5;-87.5;1
SPZn;2024;6;ECU;2.5;-92.5;1
SPZn;2024;7;ECU;0.5;-93.5;1
SPZn;2024;7;ECU;2.5;-93.5;1
SPZn;2024;7;ECU;3.5;-91.5;2
SPZn;2024;7;ECU;4.5;-114.5;2
SPZn;2024;7;ECU;4.5;-101.5;2
SPZn;2024;7;ECU;5.5;-113.5;1
SPZn;2024;7;ECU;5.5;-110.5;2
SPZn;2024;7;ECU;5.5;-104.5;2
SPZn;2024;7;NIC;4.5;-95.5;4
SPZn;2024;7;Other;4.5;-147.5;1
SPZn;2024;7;PAN;4.5;-109.5;1
SPZn;2024;7;PAN;4.5;-108.5;1
SPZn;2024;7;PAN;4.5;-107.5;1
SPZn;2024;7;PAN;5.5;-108.5;5
SPZn;2024;7;PAN;5.5;-107.5;2
SPZn;2024;7;PAN;5.5;-106.5;5
SPZn;2024;7;PAN;6.5;-105.5;1
SPZn;2024;8;ECU;2.5;-92.5;3
SPZn;2024;8;ECU;3.5;-93.5;3
SPZn;2024;8;ECU;4.5;-103.5;3
SPZn;2024;8;ECU;5.5;-107.5;2
SPZn;2024;8;ECU;5.5;-104.5;3
SPZn;2024;8;ECU;5.5;-103.5;1
SPZn;2024;8;MEX;19.5;-105.5;1
SPZn;2024;8;Other;-2.5;-149.5;1
SPZn;2024;8;Other;-1.5;-148.5;2
SPZn;2024;9;COL;4.5;-105.5;1
SPZn;2024;9;ECU;3.5;-99.5;2
SPZn;2024;9;ECU;3.5;-94.5;1
SPZn;2024;9;ECU;4.5;-102.5;1
SPZn;2024;10;COL;5.5;-112.5;1
SPZn;2024;10;ECU;-9.5;-100.5;3
SPZn;2024;10;ECU;-5.5;-107.5;2
SPZn;2024;10;ECU;-4.5;-120.5;10
SPZn;2024;10;ECU;-4.5;-110.5;2
SPZn;2024;10;ECU;0.5;-95.5;1
SPZn;2024;10;USA;4.5;-128.5;1
SPZn;2024;11;ECU;-9.5;-81.5;1
SPZn;2024;11;ECU;1.5;-87.5;5
SPZn;2024;11;ECU;1.5;-86.5;1
SPZn;2024;11;ECU;2.5;-87.5;2
SPZn;2024;11;ECU;2.5;-85.5;1
SPZn;2024;11;PAN;2.5;-106.5;1
SPZn;2024;11;USA;-4.5;-113.5;1
SPZn;2024;12;ECU;4.5;-100.5;1
SPZn;2024;12;PAN;3.5;-104.5;1
